"행정구역(시군구)별","연령별",2017,2017,2017,2017,2017,2017,2017,2017,2018,2018,2018,2018,2018,2018,2018,2018,2019,2019,2019,2019,2019,2019,2019,2019,2020,2020,2020,2020,2020,2020,2020,2020,2021,2021,2021,2021,2021,2021,2021,2021,2022,2022,2022,2022,2022,2022,2022,2022
"행정구역(시군구)별","연령별",총전입 (명),총전출 (명),순이동 (명),시도내이동-시군구내 (명),시도내이동-시군구간 전입 (명),시도내이동-시군구간 전출 (명),시도간전입 (명),시도간전출 (명),총전입 (명),총전출 (명),순이동 (명),시도내이동-시군구내 (명),시도내이동-시군구간 전입 (명),시도내이동-시군구간 전출 (명),시도간전입 (명),시도간전출 (명),총전입 (명),총전출 (명),순이동 (명),시도내이동-시군구내 (명),시도내이동-시군구간 전입 (명),시도내이동-시군구간 전출 (명),시도간전입 (명),시도간전출 (명),총전입 (명),총전출 (명),순이동 (명),시도내이동-시군구내 (명),시도내이동-시군구간 전입 (명),시도내이동-시군구간 전출 (명),시도간전입 (명),시도간전출 (명),총전입 (명),총전출 (명),순이동 (명),시도내이동-시군구내 (명),시도내이동-시군구간 전입 (명),시도내이동-시군구간 전출 (명),시도간전입 (명),시도간전출 (명),총전입 (명),총전출 (명),순이동 (명),시도내이동-시군구내 (명),시도내이동-시군구간 전입 (명),시도내이동-시군구간 전출 (명),시도간전입 (명),시도간전출 (명)
"전국","계",7154226,7154226,0,2701400,2041896,2041896,2410930,2410930,7297099,7297099,0,2776681,2091234,2091234,2429184,2429184,7104398,7104398,0,2659826,2059624,2059624,2384948,2384948,7735491,7735491,0,2926406,2274971,2274971,2534114,2534114,7213422,7213422,0,2649108,2117080,2117080,2447234,2447234,6152155,6152155,0,2173548,1805002,1805002,2173605,2173605
"전국","0 - 4세",387118,387118,0,157243,111929,111929,117946,117946,379926,379926,0,158415,110126,110126,111385,111385,337461,337461,0,140880,98904,98904,97677,97677,337233,337233,0,142280,101201,101201,93752,93752,273394,273394,0,113198,82537,82537,77659,77659,217118,217118,0,86841,67010,67010,63267,63267
"전국","5 - 9세",314134,314134,0,152294,79675,79675,82165,82165,318132,318132,0,155198,82035,82035,80899,80899,296505,296505,0,143368,78065,78065,75072,75072,322547,322547,0,154160,87280,87280,81107,81107,283262,283262,0,134418,76656,76656,72188,72188,227879,227879,0,106025,61670,61670,60184,60184
"전국","10 - 14세",245501,245501,0,122616,63865,63865,59020,59020,247954,247954,0,124353,65044,65044,58557,58557,237099,237099,0,117516,63773,63773,55810,55810,249077,249077,0,125013,66119,66119,57945,57945,226828,226828,0,113598,59653,59653,53577,53577,191329,191329,0,92254,51146,51146,47929,47929
"전국","15 - 19세",360288,360288,0,151026,93395,93395,115867,115867,343080,343080,0,142442,88412,88412,112226,112226,330065,330065,0,128876,87160,87160,114029,114029,324253,324253,0,134858,84237,84237,105158,105158,286349,286349,0,112383,74574,74574,99392,99392,254246,254246,0,88287,65427,65427,100532,100532
"전국","20 - 24세",625278,625278,0,191184,157962,157962,276132,276132,636353,636353,0,195261,160932,160932,280160,280160,645758,645758,0,187716,164136,164136,293906,293906,714597,714597,0,209725,184811,184811,320061,320061,689609,689609,0,188315,177916,177916,323378,323378,617539,617539,0,152380,157788,157788,307371,307371
"전국","25 - 29세",818455,818455,0,238027,234433,234433,345995,345995,882610,882610,0,258591,254993,254993,369026,369026,918309,918309,0,266550,270054,270054,381705,381705,1014066,1014066,0,303050,306761,306761,404255,404255,1005438,1005438,0,291355,306490,306490,407593,407593,887067,887067,0,247339,269028,269028,370700,370700
"전국","30 - 34세",821308,821308,0,273050,260004,260004,288254,288254,803519,803519,0,269692,255953,255953,277874,277874,775276,775276,0,257355,250380,250380,267541,267541,846573,846573,0,282254,281339,281339,282980,282980,808172,808172,0,263564,268588,268588,276020,276020,722268,722268,0,230062,240166,240166,252040,252040
"전국","35 - 39세",729543,729543,0,269757,221060,221060,238726,238726,757182,757182,0,283396,231629,231629,242157,242157,720238,720238,0,267475,223584,223584,229179,229179,760067,760067,0,282242,242045,242045,235780,235780,661979,661979,0,240239,210803,210803,210937,210937,532993,532993,0,187948,170117,170117,174928,174928
"전국","40 - 44세",562891,562891,0,227432,162481,162481,172978,172978,556042,556042,0,226461,161197,161197,168384,168384,528184,528184,0,212246,155560,155560,160378,160378,588059,588059,0,236030,176095,176095,175934,175934,545260,545260,0,214167,163068,163068,168025,168025,469084,469084,0,179400,141105,141105,148579,148579
"전국","45 - 49세",548278,548278,0,231185,156346,156346,160747,160747,554187,554187,0,235188,158329,158329,160670,160670,534216,534216,0,223602,154756,154756,155858,155858,566053,566053,0,240493,163383,163383,162177,162177,494802,494802,0,205671,142306,142306,146825,146825,401090,401090,0,161860,116733,116733,122497,122497
"전국","50 - 54세",459858,459858,0,191188,133241,133241,135429,135429,467739,467739,0,196533,135146,135146,136060,136060,467459,467459,0,195961,135404,135404,136094,136094,519685,519685,0,220922,150668,150668,148095,148095,489341,489341,0,203339,141141,141141,144861,144861,417460,417460,0,168302,121263,121263,127895,127895
"전국","55 - 59세",432716,432716,0,172616,125319,125319,134781,134781,447293,447293,0,181321,129708,129708,136264,136264,420864,420864,0,170598,122391,122391,127875,127875,460420,460420,0,189035,134170,134170,137215,137215,419754,419754,0,169141,121556,121556,129057,129057,345647,345647,0,135868,99420,99420,110359,110359
"전국","60 - 64세",305552,305552,0,115756,89222,89222,100574,100574,328580,328580,0,127023,95249,95249,106308,106308,333844,333844,0,129525,96976,96976,107343,107343,390467,390467,0,152431,113497,113497,124539,124539,388617,388617,0,149760,111216,111216,127641,127641,327477,327477,0,125338,92732,92732,109407,109407
"전국","65 - 69세",187660,187660,0,72152,53738,53738,61770,61770,197249,197249,0,77097,56740,56740,63412,63412,192726,192726,0,75420,55577,55577,61729,61729,233689,233689,0,92061,67890,67890,73738,73738,240785,240785,0,93750,69214,69214,77821,77821,207874,207874,0,80533,59314,59314,68027,68027
"전국","70 - 74세",128498,128498,0,50521,36570,36570,41407,41407,133157,133157,0,52756,38057,38057,42344,42344,130302,130302,0,51947,37522,37522,40833,40833,150327,150327,0,60460,43041,43041,46826,46826,147399,147399,0,58098,41902,41902,47399,47399,121726,121726,0,47996,34401,34401,39329,39329
"전국","75 - 79세",101907,101907,0,39833,28375,28375,33699,33699,108355,108355,0,42671,30326,30326,35358,35358,100868,100868,0,40298,28240,28240,32330,32330,109369,109369,0,44402,30688,30688,34279,34279,101861,101861,0,40810,28209,28209,32842,32842,81214,81214,0,32857,22534,22534,25823,25823
"전국","80세이상",125241,125241,0,45520,34281,34281,45440,45440,135741,135741,0,50283,37358,37358,48100,48100,135224,135224,0,50493,37142,37142,47589,47589,149009,149009,0,56990,41746,41746,50273,50273,150572,150572,0,57302,41251,41251,52019,52019,130144,130144,0,50258,35148,35148,44738,44738
"서울특별시","계",1472937,1571423,-98486,454536,564271,564271,454130,552616,1439707,1549937,-110230,430780,548796,548796,460131,570361,1426493,1476081,-49588,406796,543831,543831,475866,525454,1578127,1642977,-64850,444682,623431,623431,510014,574864,1418187,1524430,-106243,387416,569648,569648,461123,567366,1201527,1236867,-35340,302805,468146,468146,430576,465916
"서울특별시","0 - 4세",61690,75348,-13658,21310,24933,24933,15447,29105,55070,70812,-15742,19286,21870,21870,13914,29656,52361,62350,-9989,17575,21179,21179,13607,23596,56557,65555,-8998,18334,24079,24079,14144,23142,42939,52210,-9271,13196,19396,19396,10347,19618,31351,38353,-7002,9028,13918,13918,8405,15407
"서울특별시","5 - 9세",49721,55437,-5716,21149,16938,16938,11634,17350,46131,53633,-7502,19670,15514,15514,10947,18449,46641,50024,-3383,18401,16197,16197,12043,15426,52750,57124,-4374,20050,19416,19416,13284,17658,44356,49937,-5581,16612,16953,16953,10791,16372,34179,37053,-2874,12308,12764,12764,9107,11981
"서울특별시","10 - 14세",47268,49220,-1952,20780,16461,16461,10027,11979,43908,46916,-3008,19289,14997,14997,9622,12630,43290,44066,-776,17811,15292,15292,10187,10963,45462,46943,-1481,18779,16140,16140,10543,12024,40491,43268,-2777,17031,14613,14613,8847,11624,33499,34128,-629,13115,12089,12089,8295,8924
"서울특별시","15 - 19세",73703,71062,2641,26032,23483,23483,24188,21547,67163,64252,2911,22349,21007,21007,23807,20896,64409,59542,4867,19360,19753,19753,25296,20429,63083,59647,3436,20083,19891,19891,23109,19673,54476,52456,2020,17186,17215,17215,20075,18055,49870,42243,7627,12381,14148,14148,23341,15714
"서울특별시","20 - 24세",144975,123801,21174,32382,43824,43824,68769,47595,145750,121769,23981,30381,43244,43244,72125,48144,148841,120321,28520,28699,43457,43457,76685,48165,164159,136324,27835,31624,50446,50446,82089,54254,155569,130234,25335,27917,48202,48202,79450,54115,146013,110634,35379,22368,41821,41821,81824,46445
"서울특별시","25 - 29세",199436,188655,10781,42198,74851,74851,82387,71606,214305,198945,15360,43368,80680,80680,90257,74897,225583,206537,19046,44938,85622,85622,95023,75977,248191,231203,16988,49705,98538,98538,99948,82960,236684,226499,10185,44452,95963,95963,96269,86084,212173,193863,18310,36532,83754,83754,91887,73577
"서울특별시","30 - 34세",186520,203042,-16522,46755,83539,83539,56226,72748,180075,197124,-17049,44112,80438,80438,55525,72574,179166,190029,-10863,43063,80341,80341,55762,66625,201802,212596,-10794,46496,94448,94448,60858,71652,180307,200406,-20099,40240,86176,86176,53891,73990,160202,172885,-12683,33837,74826,74826,51539,64222
"서울특별시","35 - 39세",147654,167997,-20343,44970,62474,62474,40210,60553,145324,170796,-25472,43441,61892,61892,39991,65463,144286,161964,-17678,41805,62113,62113,40368,58046,158442,176431,-17989,44282,71172,71172,42988,60977,132083,153810,-21727,35571,60960,60960,35552,57279,104613,119260,-14647,26513,47897,47897,30203,44850
"서울특별시","40 - 44세",110731,122337,-11606,38426,43477,43477,28828,40434,101672,116297,-14625,34605,39828,39828,27239,41864,98888,108170,-9282,31819,39114,39114,27955,37237,113320,124525,-11205,36035,46376,46376,30909,42114,101287,115580,-14293,31616,42347,42347,27324,41617,84917,94278,-9361,25044,35126,35126,24747,34108
"서울특별시","45 - 49세",109352,119386,-10034,39530,42507,42507,27315,37349,104175,116009,-11834,37276,40145,40145,26754,38588,100063,108666,-8603,34014,38951,38951,27098,35701,106038,115885,-9847,36511,41499,41499,28028,37875,89492,100979,-11487,30624,35714,35714,23154,34641,70685,77639,-6954,22720,28053,28053,19912,26866
"서울특별시","50 - 54세",89133,99500,-10367,32145,35045,35045,21943,32310,85207,96109,-10902,30153,33471,33471,21583,32485,82913,91611,-8698,28136,32454,32454,22323,31021,93476,103737,-10261,31564,37350,37350,24562,34823,85600,98275,-12675,28777,34481,34481,22342,35017,71267,80011,-8744,22707,28205,28205,20355,29099
"서울특별시","55 - 59세",83026,95460,-12434,29473,32471,32471,21082,33516,79294,92703,-13409,27667,31139,31139,20488,33897,73398,83208,-9810,24981,28239,28239,20178,29988,81458,91608,-10150,27102,32017,32017,22339,32489,70360,82423,-12063,23314,28146,28146,18900,30963,55200,63980,-8780,17824,21439,21439,15937,24717
"서울특별시","60 - 64세",60994,71989,-10995,21186,23870,23870,15938,26933,61468,73258,-11790,20935,23747,23747,16786,28576,61734,69794,-8060,20582,23175,23175,17977,26037,71301,81051,-9750,23137,27429,27429,20735,30485,66394,78657,-12263,21693,25569,25569,19132,31395,52594,61202,-8608,16715,19714,19714,16165,24773
"서울특별시","65 - 69세",38386,46137,-7751,13726,14758,14758,9902,17653,38561,46479,-7918,13686,14700,14700,10175,18093,37255,42806,-5551,12857,13836,13836,10562,16113,45354,52175,-6821,15152,17108,17108,13094,19915,45387,53374,-7987,15076,17281,17281,13030,21017,36976,43207,-6231,12186,13746,13746,11044,17275
"서울특별시","70 - 74세",27016,32310,-5294,10048,10071,10071,6897,12191,27036,32497,-5461,9754,10035,10035,7247,12708,25933,29784,-3851,9090,9589,9589,7254,11105,30127,34837,-4710,10649,10957,10957,8521,13231,28554,33817,-5263,9650,10760,10760,8144,13407,22300,26014,-3714,7652,8185,8185,6463,10177
"서울특별시","75 - 79세",20337,23821,-3484,7355,7400,7400,5582,9066,20763,24762,-3999,7348,7510,7510,5905,9904,19060,21705,-2645,6699,6743,6743,5618,8263,20941,24393,-3452,7380,7456,7456,6105,9557,19462,23052,-3590,6732,7062,7062,5668,9258,15288,17796,-2508,5343,5428,5428,4517,7025
"서울특별시","80세이상",22995,25921,-2926,7071,8169,8169,7755,10681,23805,27576,-3771,7460,8579,8579,7766,11537,22672,25504,-2832,6966,7776,7776,7930,10762,25666,28943,-3277,7799,9109,9109,8758,12035,24746,29453,-4707,7729,8810,8810,8207,12914,20400,24321,-3921,6532,7033,7033,6835,10756
"부산광역시","계",439073,467471,-28398,139074,182532,182532,117467,145865,416095,442854,-26759,130540,178172,178172,107383,134142,411704,435058,-23354,125676,176434,176434,109594,132948,491829,506176,-14347,155767,214524,214524,121538,135885,441323,460226,-18903,136072,189085,189085,116166,135069,383848,397410,-13562,109335,169621,169621,104892,118454
"부산광역시","0 - 4세",21080,22524,-1444,6485,9178,9178,5417,6861,19640,20345,-705,6147,8793,8793,4700,5405,17784,18408,-624,5654,7814,7814,4316,4940,21059,20390,669,7047,9411,9411,4601,3932,15037,14778,259,4886,6468,6468,3683,3424,13461,13216,245,3952,6539,6539,2970,2725
"부산광역시","5 - 9세",16614,17584,-970,7128,6018,6018,3468,4438,16421,16634,-213,6912,6195,6195,3314,3527,15656,15826,-170,6478,5875,5875,3303,3473,20169,19963,206,8391,8017,8017,3761,3555,15844,15939,-95,6657,6009,6009,3178,3273,13842,13723,119,5306,5821,5821,2715,2596
"부산광역시","10 - 14세",12133,12754,-621,5149,4600,4600,2384,3005,11980,12311,-331,5004,4686,4686,2290,2621,11632,11883,-251,4685,4645,4645,2302,2553,14279,14386,-107,6292,5619,5619,2368,2475,11947,12224,-277,5297,4468,4468,2182,2459,10510,10596,-86,4168,4367,4367,1975,2061
"부산광역시","15 - 19세",20547,21027,-480,7333,7420,7420,5794,6274,18516,18615,-99,6257,6628,6628,5631,5730,18256,18324,-68,5688,6719,6719,5849,5917,19213,19256,-43,6584,7253,7253,5376,5419,16071,16143,-72,5388,5512,5512,5171,5243,14666,14335,331,4236,4918,4918,5512,5181
"부산광역시","20 - 24세",41137,41971,-834,10269,14398,14398,16470,17304,39933,40167,-234,9389,14204,14204,16340,16574,41342,40678,664,9024,14386,14386,17932,17268,48371,47154,1217,10945,17459,17459,19967,18750,46587,45695,892,9915,16214,16214,20458,19566,42610,41340,1270,7807,14844,14844,19959,18689
"부산광역시","25 - 29세",50571,55379,-4808,12010,20747,20747,17814,22622,49802,56320,-6518,11776,20842,20842,17184,23702,52961,59376,-6415,12367,22313,22313,18281,24696,61372,66487,-5115,14692,26857,26857,19823,24938,61396,67076,-5680,13869,27502,27502,20025,25705,53530,59077,-5547,11455,23960,23960,18115,23662
"부산광역시","30 - 34세",49046,52909,-3863,12587,22816,22816,13643,17506,43540,47694,-4154,11160,20795,20795,11585,15739,43074,46962,-3888,11016,20633,20633,11425,15313,51794,53535,-1741,13369,25169,25169,13256,14997,49049,50925,-1876,12317,23891,23891,12841,14717,45281,46978,-1697,10826,22561,22561,11894,13591
"부산광역시","35 - 39세",43847,46653,-2806,12876,19275,19275,11696,14502,41711,44417,-2706,12362,19182,19182,10167,12873,40380,42744,-2364,11840,18505,18505,10035,12399,47688,48249,-561,14420,22196,22196,11072,11633,39388,40173,-785,11422,18240,18240,9726,10511,33198,33862,-664,8825,16362,16362,8011,8675
"부산광역시","40 - 44세",32449,34027,-1578,10619,13597,13597,8233,9811,29937,31450,-1513,9873,13095,13095,6969,8482,29135,30501,-1366,9324,12797,12797,7014,8380,36509,37376,-867,12057,16368,16368,8084,8951,32551,33403,-852,10691,14147,14147,7713,8565,29231,29782,-551,8769,13588,13588,6874,7425
"부산광역시","45 - 49세",32766,34358,-1592,11619,13639,13639,7508,9100,30945,32648,-1703,10865,13419,13419,6661,8364,30021,31474,-1453,10139,13309,13309,6573,8026,34610,35719,-1109,12139,15411,15411,7060,8169,28788,29952,-1164,10148,12271,12271,6369,7533,23881,24662,-781,7899,10665,10665,5317,6098
"부산광역시","50 - 54세",27866,29826,-1960,10044,11946,11946,5876,7836,26018,27747,-1729,9311,11493,11493,5214,6943,26335,28030,-1695,9249,11787,11787,5299,6994,32152,33228,-1076,11697,14211,14211,6244,7320,28895,30360,-1465,10460,12508,12508,5927,7392,24785,25894,-1109,8474,11120,11120,5191,6300
"부산광역시","55 - 59세",28208,30964,-2756,10375,12078,12078,5755,8511,26658,28950,-2292,9697,11809,11809,5152,7444,24643,26451,-1808,8835,10849,10849,4959,6767,29164,30699,-1535,10651,13048,13048,5465,7000,25248,27132,-1884,9205,11059,11059,4984,6868,20470,21765,-1295,7062,8995,8995,4413,5708
"부산광역시","60 - 64세",21958,24257,-2299,7893,9560,9560,4505,6804,21295,23399,-2104,7654,9612,9612,4029,6133,21543,23416,-1873,7644,9644,9644,4255,6128,27277,28955,-1678,9739,12139,12139,5399,7077,25093,27550,-2457,8988,11132,11132,4973,7430,20767,22404,-1637,7182,9355,9355,4230,5867
"부산광역시","65 - 69세",14324,15613,-1289,5313,6180,6180,2831,4120,13881,15145,-1264,5095,6229,6229,2557,3821,13518,14528,-1010,4816,6076,6076,2626,3636,17604,18673,-1069,6514,7868,7868,3222,4291,16976,18526,-1550,6340,7492,7492,3144,4694,14410,15449,-1039,5129,6494,6494,2787,3826
"부산광역시","70 - 74세",9922,10533,-611,3744,4235,4235,1943,2554,9472,9951,-479,3523,4117,4117,1832,2311,9262,9781,-519,3450,4113,4113,1699,2218,11490,12268,-778,4352,5171,5171,1967,2745,10982,11861,-879,4216,4803,4803,1963,2842,9011,9623,-612,3324,3985,3985,1702,2314
"부산광역시","75 - 79세",7913,8300,-387,2928,3271,3271,1714,2101,7553,8110,-557,2697,3402,3402,1454,2011,7135,7484,-349,2585,3113,3113,1437,1786,8462,8886,-424,3329,3616,3616,1517,1941,7336,7894,-558,2846,3161,3161,1329,1887,5701,5937,-236,2158,2429,2429,1114,1350
"부산광역시","80세이상",8692,8792,-100,2702,3574,3574,2416,2516,8793,8951,-158,2818,3671,3671,2304,2462,9027,9192,-165,2882,3856,3856,2289,2454,10616,10952,-336,3549,4711,4711,2356,2692,10135,10595,-460,3427,4208,4208,2500,2960,8494,8767,-273,2763,3618,3618,2113,2386
"대구광역시","계",321182,333118,-11936,110696,125447,125447,85039,96975,321158,335400,-14242,113477,122144,122144,85537,99779,312419,336092,-23673,112136,119033,119033,81250,104923,347248,364083,-16835,122954,133114,133114,91180,108015,304761,329080,-24319,105699,115986,115986,83076,107395,265354,276873,-11519,81016,102771,102771,81567,93086
"대구광역시","0 - 4세",18297,17701,596,6236,7585,7585,4476,3880,16353,15816,537,5784,6440,6440,4129,3592,14192,13977,215,5225,5343,5343,3624,3409,14809,14641,168,5497,6002,6002,3310,3142,11760,11528,232,4373,4598,4598,2789,2557,10170,9277,893,3165,4304,4304,2701,1808
"대구광역시","5 - 9세",13996,13683,313,5936,5014,5014,3046,2733,13259,13226,33,5667,4747,4747,2845,2812,12406,12553,-147,5444,4389,4389,2573,2720,14160,14342,-182,6311,5146,5146,2703,2885,12217,12167,50,5353,4341,4341,2523,2473,10918,10235,683,4264,4128,4128,2526,1843
"대구광역시","10 - 14세",11204,11039,165,5513,3680,3680,2011,1846,10876,11086,-210,5455,3614,3614,1807,2017,10453,10737,-284,5169,3490,3490,1794,2078,11064,11422,-358,5622,3732,3732,1710,2068,9877,10130,-253,4945,3237,3237,1695,1948,8999,8775,224,3986,3141,3141,1872,1648
"대구광역시","15 - 19세",15922,16983,-1061,6926,5285,5285,3711,4772,14830,16144,-1314,6341,4913,4913,3576,4890,14140,15727,-1587,5997,4547,4547,3596,5183,14372,15368,-996,6144,4557,4557,3671,4667,11843,13151,-1308,4713,3746,3746,3384,4692,11665,11598,67,3627,3310,3310,4728,4661
"대구광역시","20 - 24세",27402,29795,-2393,8027,8829,8829,10546,12939,27696,30337,-2641,8180,8763,8763,10753,13394,27897,31646,-3749,8066,8764,8764,11067,14816,33122,34347,-1225,8690,10234,10234,14198,15423,29199,33015,-3816,7421,8955,8955,12823,16639,28167,29876,-1709,5719,8130,8130,14318,16027
"대구광역시","25 - 29세",34817,37411,-2594,8897,12497,12497,13423,16017,37199,40598,-3399,9848,13252,13252,14099,17498,37982,43485,-5503,10259,13948,13948,13775,19278,43453,47438,-3985,11521,16073,16073,15859,19844,41207,46415,-5208,10593,15456,15456,15158,20366,36189,41013,-4824,8551,13637,13637,14001,18825
"대구광역시","30 - 34세",35567,36251,-684,10045,15288,15288,10234,10918,33241,33655,-414,9590,13649,13649,10002,10416,30911,32818,-1907,9109,12637,12637,9165,11072,35231,36907,-1676,10638,14776,14776,9817,11493,32837,34630,-1793,9609,13708,13708,9520,11313,30045,30881,-836,7918,12875,12875,9252,10088
"대구광역시","35 - 39세",33035,33080,-45,10716,13919,13919,8400,8445,32145,32338,-193,10673,13183,13183,8289,8482,29709,30843,-1134,9928,12092,12092,7689,8823,31931,32891,-960,10829,13299,13299,7803,8763,26920,27813,-893,9077,10930,10930,6913,7806,22717,22520,197,6763,9634,9634,6320,6123
"대구광역시","40 - 44세",26108,26410,-302,9781,10302,10302,6025,6327,24701,25323,-622,9333,9666,9666,5702,6324,23431,24388,-957,9190,8893,8893,5348,6305,26398,27286,-888,10164,10276,10276,5958,6846,23186,24192,-1006,8793,8947,8947,5446,6452,20859,20822,37,6955,8492,8492,5412,5375
"대구광역시","45 - 49세",25389,26382,-993,10102,9763,9763,5524,6517,25248,26440,-1192,10208,9611,9611,5429,6621,24183,25819,-1636,9877,9319,9319,4987,6623,26136,27241,-1105,10638,9991,9991,5507,6612,21825,23290,-1465,8801,8250,8250,4774,6239,17870,18506,-636,6515,7132,7132,4223,4859
"대구광역시","50 - 54세",20997,22383,-1386,8021,8542,8542,4434,5820,21555,23025,-1470,8505,8423,8423,4627,6097,21558,23535,-1977,8973,8327,8327,4258,6235,24483,25786,-1303,9788,9605,9605,5090,6393,21003,23075,-2072,8367,8228,8228,4408,6480,17807,18962,-1155,6437,7323,7323,4047,5202
"대구광역시","55 - 59세",19246,20863,-1617,6986,8153,8153,4107,5724,20248,21701,-1453,7874,7987,7987,4387,5840,19706,21670,-1964,7788,7991,7991,3927,5891,21308,22739,-1431,8260,8500,8500,4548,5979,17704,19971,-2267,6994,6979,6979,3731,5998,14021,15490,-1469,4920,5723,5723,3378,4847
"대구광역시","60 - 64세",13901,15001,-1100,4798,6015,6015,3088,4188,14986,16041,-1055,5556,6044,6044,3386,4441,15832,17350,-1518,5887,6613,6613,3332,4850,18020,19433,-1413,6650,7291,7291,4079,5492,15903,18162,-2259,5985,6390,6390,3528,5787,12815,14387,-1572,4350,5237,5237,3228,4800
"대구광역시","65 - 69세",8792,9452,-660,3054,3858,3858,1880,2540,9860,10405,-545,3647,4095,4095,2118,2663,10156,10986,-830,3835,4369,4369,1952,2782,11703,12477,-774,4404,4924,4924,2375,3149,10667,11754,-1087,3912,4495,4495,2260,3347,8502,9421,-919,2907,3657,3657,1938,2857
"대구광역시","70 - 74세",5850,5988,-138,2071,2498,2498,1281,1419,6389,6649,-260,2423,2716,2716,1250,1510,6802,7145,-343,2615,2903,2903,1284,1627,7555,7883,-328,2852,3180,3180,1523,1851,6705,7352,-647,2520,2798,2798,1387,2034,5357,5713,-356,1833,2263,2263,1261,1617
"대구광역시","75 - 79세",4832,4918,-86,1734,1964,1964,1134,1220,5688,5784,-96,2121,2368,2368,1199,1295,5804,6022,-218,2288,2434,2434,1082,1300,5885,6060,-175,2263,2435,2435,1187,1362,4721,4994,-273,1712,2046,2046,963,1236,3444,3596,-152,1193,1495,1495,756,908
"대구광역시","80세이상",5827,5778,49,1853,2255,2255,1719,1670,6884,6832,52,2272,2673,2673,1939,1887,7257,7391,-134,2486,2974,2974,1797,1931,7618,7822,-204,2683,3093,3093,1842,2046,7187,7441,-254,2531,2882,2882,1774,2028,5809,5801,8,1913,2290,2290,1606,1598
"인천광역시","계",409465,411135,-1670,147772,118622,118622,143071,144741,433639,433706,-67,155992,131244,131244,146403,146470,420014,422351,-2337,150091,125990,125990,143933,146270,444556,460304,-15748,163316,134310,134310,146930,162678,433137,421714,11423,150553,126760,126760,155824,144401,395140,367039,28101,123107,116812,116812,155221,127120
"인천광역시","0 - 4세",22293,22919,-626,8357,6643,6643,7293,7919,23429,24526,-1097,8894,7647,7647,6888,7985,20491,21674,-1183,7695,6781,6781,6015,7198,20102,21875,-1773,7959,6555,6555,5588,7361,17376,16616,760,6466,5135,5135,5775,5015,16087,13418,2669,4909,4783,4783,6395,3726
"인천광역시","5 - 9세",17937,18853,-916,8087,4990,4990,4860,5776,19047,19993,-946,8602,5654,5654,4791,5737,17339,18011,-672,7759,5078,5078,4502,5174,18983,20103,-1120,8661,5525,5525,4797,5917,16967,16582,385,7385,4648,4648,4934,4549,15965,14149,1816,6089,4520,4520,5356,3540
"인천광역시","10 - 14세",13524,13721,-197,6441,3694,3694,3389,3586,14285,14536,-251,6699,4078,4078,3508,3759,13261,13333,-72,6092,3809,3809,3360,3432,14232,14782,-550,6853,3984,3984,3395,3945,13476,13069,407,6446,3550,3550,3480,3073,12554,11535,1019,5358,3452,3452,3744,2725
"인천광역시","15 - 19세",18907,19163,-256,8576,4794,4794,5537,5793,18249,18395,-146,8169,4834,4834,5246,5392,17112,17329,-217,7288,4450,4450,5374,5591,17333,17503,-170,7595,4442,4442,5296,5466,15727,15292,435,6601,3894,3894,5232,4797,14274,13813,461,5194,3542,3542,5538,5077
"인천광역시","20 - 24세",34143,33023,1120,10848,8540,8540,14755,13635,35227,33805,1422,10912,9129,9129,15186,13764,35851,34267,1584,10742,8861,8861,16248,14664,37934,38187,-253,11593,9774,9774,16567,16820,36636,36117,519,10185,9302,9302,17149,16630,32692,31739,953,7876,7929,7929,16887,15934
"인천광역시","25 - 29세",44624,44386,238,12563,12146,12146,19915,19677,49995,49787,208,13987,14203,14203,21805,21597,52335,52673,-338,14716,15104,15104,22515,22853,56200,58519,-2319,16728,16671,16671,22801,25120,57595,57008,587,15926,16890,16890,24779,24192,50763,48823,1940,12571,14663,14663,23529,21589
"인천광역시","30 - 34세",46642,46749,-107,14023,14222,14222,18397,18504,47474,47377,97,14494,15042,15042,17938,17841,44926,45687,-761,13795,14262,14262,16869,17630,48191,50563,-2372,15283,15667,15667,17241,19613,49455,47686,1769,14302,15672,15672,19481,17712,46990,42803,4187,12139,14716,14716,20135,15948
"인천광역시","35 - 39세",42282,43115,-833,14357,12765,12765,15160,15993,46262,46674,-412,15848,14674,14674,15740,16152,43629,44034,-405,14504,14148,14148,14977,15382,44476,46400,-1924,15446,14405,14405,14625,16549,41266,39215,2051,13249,12827,12827,15190,13139,37255,32927,4328,10707,11411,11411,15137,10809
"인천광역시","40 - 44세",32790,33127,-337,12078,9831,9831,10881,11218,33578,33934,-356,12515,10326,10326,10737,11093,31847,31909,-62,11636,9752,9752,10459,10521,34859,36045,-1186,12996,10776,10776,11087,12273,34015,32608,1407,12066,10097,10097,11852,10445,32732,29406,3326,10441,9849,9849,12442,9116
"인천광역시","45 - 49세",32357,32586,-229,12884,9433,9433,10040,10269,33393,33332,61,13171,10186,10186,10036,9975,32234,32377,-143,12605,9670,9670,9959,10102,33415,34310,-895,13383,10026,10026,10006,10901,30386,29597,789,11751,8766,8766,9869,9080,26333,24578,1755,9271,7802,7802,9260,7505
"인천광역시","50 - 54세",28048,28394,-346,11386,8471,8471,8191,8537,28975,29206,-231,11391,9195,9195,8389,8620,28908,29029,-121,11479,8903,8903,8526,8647,29996,31241,-1245,12321,9059,9059,8616,9861,29645,29311,334,11799,8674,8674,9172,8838,27174,25674,1500,9577,8319,8319,9278,7778
"인천광역시","55 - 59세",25925,26367,-442,10049,7906,7906,7970,8412,28657,28734,-77,10971,9247,9247,8439,8516,26760,27378,-618,10646,8375,8375,7739,8357,27771,29098,-1327,11175,8584,8584,8012,9339,26554,26526,28,10448,8172,8172,7934,7906,23092,22388,704,8155,7289,7289,7648,6944
"인천광역시","60 - 64세",17841,18090,-249,6513,5643,5643,5685,5934,20061,20166,-105,7436,6490,6490,6135,6240,20696,21209,-513,7902,6491,6491,6303,6816,23361,24425,-1064,8982,7441,7441,6938,8002,24146,24150,-4,9032,7425,7425,7689,7693,22021,21243,778,7583,6976,6976,7462,6684
"인천광역시","65 - 69세",10928,10733,195,4050,3418,3418,3460,3265,11583,11405,178,4345,3646,3646,3592,3414,11403,11397,6,4351,3487,3487,3565,3559,13542,13771,-229,5137,4252,4252,4153,4382,14585,14321,264,5526,4417,4417,4642,4378,14068,13364,704,4864,4527,4527,4677,3973
"인천광역시","70 - 74세",7749,7431,318,2800,2362,2362,2587,2269,8254,7823,431,3102,2548,2548,2604,2173,8157,8029,128,3259,2487,2487,2411,2283,8898,8802,96,3500,2659,2659,2739,2643,9245,8851,394,3552,2781,2781,2912,2518,8311,7763,548,3098,2589,2589,2624,2076
"인천광역시","75 - 79세",5994,5623,371,2242,1702,1702,2050,1679,6601,6151,450,2536,1898,1898,2167,1717,6339,5955,384,2487,1835,1835,2017,1633,6324,6156,168,2485,1841,1841,1998,1830,6421,5941,480,2440,1779,1779,2202,1722,5590,5117,473,2115,1653,1653,1822,1349
"인천광역시","80세이상",7481,6855,626,2518,2062,2062,2901,2275,8569,7862,707,2920,2447,2447,3202,2495,8726,8060,666,3135,2497,2497,3094,2428,8939,8524,415,3219,2649,2649,3071,2656,9642,8824,818,3379,2731,2731,3532,2714,9239,8299,940,3160,2792,2792,3287,2347
"광주광역시","계",208138,216256,-8118,75293,66881,66881,65964,74082,218892,225108,-6216,80537,69166,69166,69189,75405,217130,221005,-3875,75101,74251,74251,67778,71653,226163,232246,-6083,81431,77086,77086,67646,73729,212888,218771,-5883,74956,73211,73211,64721,70604,182924,190566,-7642,62460,65006,65006,55458,63100
"광주광역시","0 - 4세",12319,11438,881,4545,3947,3947,3827,2946,11176,10285,891,4162,3440,3440,3574,2683,10758,9797,961,3742,3780,3780,3236,2275,10334,9488,846,3781,3581,3581,2972,2126,8947,7949,998,3150,3162,3162,2635,1637,7415,6990,425,2641,2976,2976,1798,1373
"광주광역시","5 - 9세",10032,9952,80,4502,3020,3020,2510,2430,9751,9617,134,4319,2906,2906,2526,2392,9687,9501,186,4177,3234,3234,2276,2090,9785,9804,-19,4307,3326,3326,2152,2171,9200,9173,27,4034,3272,3272,1894,1867,7977,7870,107,3509,2821,2821,1647,1540
"광주광역시","10 - 14세",8093,8206,-113,3744,2450,2450,1899,2012,8050,8185,-135,3836,2408,2408,1806,1941,7921,8006,-85,3655,2633,2633,1633,1718,7966,8099,-133,3732,2665,2665,1569,1702,7619,7763,-144,3678,2598,2598,1343,1487,6854,6839,15,3137,2406,2406,1311,1296
"광주광역시","15 - 19세",11061,12059,-998,4568,3106,3106,3387,4385,11076,11963,-887,4713,3094,3094,3269,4156,10278,11150,-872,3878,3188,3188,3212,4084,10091,10657,-566,4064,3040,3040,2987,3553,8966,9497,-531,3607,2460,2460,2899,3430,7624,8142,-518,2753,2217,2217,2654,3172
"광주광역시","20 - 24세",19410,21713,-2303,6034,5410,5410,7966,10269,21149,22853,-1704,6703,5671,5671,8775,10479,21826,23363,-1537,6276,6356,6356,9194,10731,24197,25456,-1259,6972,6973,6973,10252,11511,23085,24420,-1335,6297,6548,6548,10240,11575,20103,21920,-1817,5223,5933,5933,8947,10764
"광주광역시","25 - 29세",22749,24544,-1795,6505,6973,6973,9271,11066,25620,27277,-1657,7453,7762,7762,10405,12062,27722,28773,-1051,7849,8892,8892,10981,12032,30302,31722,-1420,9102,9990,9990,11210,12630,30354,31663,-1309,8628,10319,10319,11407,12716,26600,28733,-2133,7537,9335,9335,9728,11861
"광주광역시","30 - 34세",22962,23679,-717,7545,8063,8063,7354,8071,21940,22312,-372,7121,7586,7586,7233,7605,21542,21774,-232,6653,8019,8019,6870,7102,22873,23223,-350,7443,8480,8480,6950,7300,22255,22203,52,7020,8449,8449,6786,6734,20230,20537,-307,6250,8099,8099,5881,6188
"광주광역시","35 - 39세",20738,21291,-553,7401,7235,7235,6102,6655,21099,21095,4,7464,7219,7219,6416,6412,20982,20754,228,7157,7764,7764,6061,5833,20874,20982,-108,7249,7855,7855,5770,5878,19225,19072,153,6659,7396,7396,5170,5017,15488,15446,42,5208,6083,6083,4197,4155
"광주광역시","40 - 44세",16420,16758,-338,6181,5404,5404,4835,5173,16461,16778,-317,6373,5352,5352,4736,5053,16027,15988,39,5870,5675,5675,4482,4443,16797,16948,-151,6393,5981,5981,4423,4574,16063,16160,-97,6026,5895,5895,4142,4239,14311,14443,-132,5303,5424,5424,3584,3716
"광주광역시","45 - 49세",15487,16155,-668,6163,5005,5005,4319,4987,16472,16942,-470,6595,5370,5370,4507,4977,16227,16459,-232,6098,5745,5745,4384,4616,16572,16838,-266,6430,5800,5800,4342,4608,14513,15004,-491,5680,5151,5151,3682,4173,12075,12382,-307,4617,4264,4264,3194,3501
"광주광역시","50 - 54세",12695,13424,-729,5017,4184,4184,3494,4223,14034,14684,-650,5780,4475,4475,3779,4429,13872,14323,-451,5334,4759,4759,3779,4230,14914,15709,-795,5985,5194,5194,3735,4530,14081,14916,-835,5667,4862,4862,3552,4387,11999,12700,-701,4540,4348,4348,3111,3812
"광주광역시","55 - 59세",11747,12392,-645,4508,3859,3859,3380,4025,13191,13871,-680,5076,4353,4353,3762,4442,12290,12836,-546,4571,4274,4274,3445,3991,12601,13276,-675,4970,4231,4231,3400,4075,11271,12320,-1049,4460,3717,3717,3094,4143,9363,10235,-872,3401,3299,3299,2663,3535
"광주광역시","60 - 64세",7886,8325,-439,2850,2755,2755,2281,2720,9531,10072,-541,3687,3217,3217,2627,3168,9500,9974,-474,3436,3383,3383,2681,3155,10490,11196,-706,4040,3580,3580,2870,3576,10059,10938,-879,3739,3408,3408,2912,3791,8370,9347,-977,3087,2816,2816,2467,3444
"광주광역시","65 - 69세",5430,5656,-226,2058,1863,1863,1509,1735,6298,6493,-195,2463,2085,2085,1750,1945,5804,5960,-156,2103,2115,2115,1586,1742,6191,6569,-378,2409,2207,2207,1575,1953,6019,6389,-370,2292,2127,2127,1600,1970,5158,5675,-517,1947,1854,1854,1357,1874
"광주광역시","70 - 74세",3863,3862,1,1353,1392,1392,1118,1117,4369,4483,-114,1760,1477,1477,1132,1246,4350,4465,-115,1597,1661,1661,1092,1207,4352,4522,-170,1721,1552,1552,1079,1249,4059,4161,-102,1500,1459,1459,1100,1202,3335,3466,-131,1201,1198,1198,936,1067
"광주광역시","75 - 79세",3181,3097,84,1084,1021,1021,1076,992,3867,3774,93,1476,1265,1265,1126,1033,3469,3333,136,1198,1215,1215,1056,920,3170,3227,-57,1231,1106,1106,833,890,2914,2956,-42,1110,1007,1007,797,839,2269,2288,-19,838,804,804,627,646
"광주광역시","80세이상",4065,3705,360,1235,1194,1194,1636,1276,4808,4424,384,1556,1486,1486,1766,1382,4875,4549,326,1507,1558,1558,1810,1484,4654,4530,124,1602,1525,1525,1527,1403,4258,4187,71,1409,1381,1381,1468,1397,3753,3553,200,1268,1129,1129,1356,1156
"대전광역시","계",211449,227624,-16175,64181,67475,67475,79793,95968,212879,227632,-14753,65470,67848,67848,79561,94314,212424,228766,-16342,65817,68178,68178,78429,94771,232321,243418,-11097,73445,77135,77135,81741,92838,211565,220496,-8931,61757,69778,69778,80030,88961,198705,201701,-2996,56435,66849,66849,75421,78417
"대전광역시","0 - 4세",11944,13045,-1101,3795,3973,3973,4176,5277,11158,11872,-714,3650,3582,3582,3926,4640,9957,10868,-911,3496,3150,3150,3311,4222,9764,10071,-307,3289,3348,3348,3127,3434,8203,8077,126,2597,2761,2761,2845,2719,7981,7254,727,2453,2876,2876,2652,1925
"대전광역시","5 - 9세",8672,9885,-1213,3267,2668,2668,2737,3950,8099,9368,-1269,3127,2496,2496,2476,3745,7875,8902,-1027,3088,2483,2483,2304,3331,8713,9427,-714,3470,2931,2931,2312,3026,7519,8191,-672,2860,2621,2621,2038,2710,7042,7143,-101,2499,2623,2623,1920,2021
"대전광역시","10 - 14세",6511,7429,-918,2664,1957,1957,1890,2808,6196,7015,-819,2580,1866,1866,1750,2569,6090,6680,-590,2534,1890,1890,1666,2256,6571,7064,-493,2841,2119,2119,1611,2104,5645,6058,-413,2350,1890,1890,1405,1818,5448,5586,-138,2219,1848,1848,1381,1519
"대전광역시","15 - 19세",11166,11965,-799,3724,3036,3036,4406,5205,10500,10991,-491,3418,2719,2719,4363,4854,10149,10795,-646,3139,2701,2701,4309,4955,10326,10617,-291,3487,2784,2784,4055,4346,8831,9098,-267,2600,2370,2370,3861,4128,8236,8404,-168,2155,2231,2231,3850,4018
"대전광역시","20 - 24세",21982,22569,-587,5098,5621,5621,11263,11850,23091,23292,-201,5404,5940,5940,11747,11948,24314,24639,-325,5467,6227,6227,12620,12945,27529,27189,340,6155,7164,7164,14210,13870,27178,26242,936,5394,6673,6673,15111,14175,25226,24270,956,4755,6296,6296,14175,13219
"대전광역시","25 - 29세",28018,29115,-1097,6817,7964,7964,13237,14334,29958,31402,-1444,7434,8732,8732,13792,15236,31666,33319,-1653,7982,9358,9358,14326,15979,34888,35869,-981,9022,10709,10709,15157,16138,34326,34960,-634,8307,10504,10504,15515,16149,33123,33270,-147,7960,10205,10205,14958,15105
"대전광역시","30 - 34세",25392,27036,-1644,6921,8537,8537,9934,11578,23931,25863,-1932,6822,7953,7953,9156,11088,23834,26039,-2205,6982,7969,7969,8883,11088,25843,26976,-1133,7467,9137,9137,9239,10372,24894,25388,-494,6828,8573,8573,9493,9987,24475,24793,-318,6629,8793,8793,9053,9371
"대전광역시","35 - 39세",20654,22368,-1714,6198,6924,6924,7532,9246,20555,22377,-1822,6414,6901,6901,7240,9062,20044,21952,-1908,6283,6825,6825,6936,8844,21074,22284,-1210,6670,7537,7537,6867,8077,17912,18886,-974,5458,6383,6383,6071,7045,16640,16765,-125,4939,6083,6083,5618,5743
"대전광역시","40 - 44세",15489,16926,-1437,5122,5116,5116,5251,6688,14839,15823,-984,4858,4894,4894,5087,6071,14345,15617,-1272,4878,4874,4874,4593,5865,16033,16891,-858,5534,5633,5633,4866,5724,14323,15117,-794,4804,4979,4979,4540,5334,13580,13934,-354,4320,5041,5041,4219,4573
"대전광역시","45 - 49세",15188,16584,-1396,5191,5237,5237,4760,6156,15179,16381,-1202,5161,5266,5266,4752,5954,14726,15862,-1136,5092,4955,4955,4679,5815,15454,16421,-967,5518,5389,5389,4547,5514,13018,13994,-976,4314,4632,4632,4072,5048,11738,12193,-455,3783,4347,4347,3608,4063
"대전광역시","50 - 54세",12466,13930,-1464,4224,4543,4543,3699,5163,12770,14162,-1392,4413,4589,4589,3768,5160,12862,14239,-1377,4472,4550,4550,3840,5217,14744,15985,-1241,5339,5315,5315,4090,5331,13078,14523,-1445,4346,4904,4904,3828,5273,12104,12732,-628,3977,4365,4365,3762,4390
"대전광역시","55 - 59세",11781,13204,-1423,4069,4206,4206,3506,4929,12304,13544,-1240,4228,4375,4375,3701,4941,11576,12983,-1407,3978,4224,4224,3374,4781,12803,14076,-1273,4643,4660,4660,3500,4773,10565,11879,-1314,3479,3950,3950,3136,4450,9489,10213,-724,3016,3485,3485,2988,3712
"대전광역시","60 - 64세",7943,8823,-880,2575,2787,2787,2581,3461,8723,9718,-995,2824,3190,3190,2709,3704,9058,10104,-1046,3020,3271,3271,2767,3813,10687,11733,-1046,3723,3914,3914,3050,4096,9800,10935,-1135,3112,3668,3668,3020,4155,8795,9704,-909,2833,3133,3133,2829,3738
"대전광역시","65 - 69세",4764,5193,-429,1610,1668,1668,1486,1915,5139,5468,-329,1783,1802,1802,1554,1883,5330,5877,-547,1935,1892,1892,1503,2050,6384,6916,-532,2251,2385,2385,1748,2280,5990,6540,-550,2010,2209,2209,1771,2321,5573,5962,-389,1855,2135,2135,1583,1972
"대전광역시","70 - 74세",3197,3267,-70,1048,1124,1124,1025,1095,3444,3540,-96,1188,1213,1213,1043,1139,3576,3804,-228,1270,1305,1305,1001,1229,4025,4196,-171,1482,1439,1439,1104,1275,3561,3781,-220,1212,1299,1299,1050,1270,3273,3441,-168,1121,1214,1214,938,1106
"대전광역시","75 - 79세",2678,2688,-10,852,927,927,899,909,2906,2878,28,953,995,995,958,930,2800,2861,-61,954,988,988,858,919,2971,3107,-136,1121,1035,1035,815,951,2551,2598,-47,840,920,920,791,838,2235,2287,-52,782,844,844,609,661
"대전광역시","80세이상",3604,3597,7,1006,1187,1187,1411,1404,4087,3938,149,1213,1335,1335,1539,1390,4222,4225,-3,1247,1516,1516,1459,1462,4512,4596,-84,1433,1636,1636,1443,1527,4171,4229,-58,1246,1442,1442,1483,1541,3747,3750,-3,1139,1330,1330,1278,1281
"울산광역시","계",135199,147116,-11917,47645,47144,47144,40410,52327,127922,140576,-12654,44554,44138,44138,39230,51884,142056,152228,-10172,50135,51848,51848,40073,50245,136112,149696,-13584,48931,46706,46706,40475,54059,129880,143554,-13674,45646,44822,44822,39412,53086,107747,117283,-9536,35345,35818,35818,36584,46120
"울산광역시","0 - 4세",8866,9494,-628,3237,3615,3615,2014,2642,7665,8220,-555,2918,2976,2976,1771,2326,8356,8702,-346,3144,3521,3521,1691,2037,6291,6910,-619,2510,2453,2453,1328,1947,5246,5856,-610,2048,2158,2158,1040,1650,4015,4284,-269,1468,1583,1583,964,1233
"울산광역시","5 - 9세",6067,6388,-321,2708,2039,2039,1320,1641,5318,5775,-457,2350,1748,1748,1220,1677,6309,6642,-333,2798,2289,2289,1222,1555,5530,5931,-401,2502,1832,1832,1196,1597,4853,5455,-602,2247,1725,1725,881,1483,3950,4262,-312,1765,1318,1318,867,1179
"울산광역시","10 - 14세",3993,4327,-334,1906,1237,1237,850,1184,3794,4041,-247,1826,1143,1143,825,1072,4351,4561,-210,2031,1441,1441,879,1089,4092,4379,-287,1933,1301,1301,858,1145,3703,4061,-358,1861,1119,1119,723,1081,2862,3113,-251,1299,868,868,695,946
"울산광역시","15 - 19세",5965,7060,-1095,2554,1812,1812,1599,2694,5482,6614,-1132,2269,1663,1663,1550,2682,5735,6835,-1100,2317,1873,1873,1545,2645,5030,6112,-1082,2131,1487,1487,1412,2494,4337,5427,-1090,1785,1259,1259,1293,2383,3751,4886,-1135,1360,1091,1091,1300,2435
"울산광역시","20 - 24세",11378,13846,-2468,3257,3140,3140,4981,7449,10991,13828,-2837,3099,3055,3055,4837,7674,11905,14978,-3073,3379,3585,3585,4941,8014,11989,15515,-3526,3292,3265,3265,5432,8958,12203,15211,-3008,2956,3133,3133,6114,9122,10691,13600,-2909,2285,2566,2566,5840,8749
"울산광역시","25 - 29세",16486,18428,-1942,4504,5332,5332,6650,8592,16351,18645,-2294,4318,5242,5242,6791,9085,18348,19942,-1594,4945,6060,6060,7343,8937,18994,20939,-1945,5266,6054,6054,7674,9619,19438,21268,-1830,5124,6377,6377,7937,9767,17164,18309,-1145,4243,5330,5330,7591,8736
"울산광역시","30 - 34세",16988,17839,-851,5373,6422,6422,5193,6044,14972,15927,-955,4639,5759,5759,4574,5529,16288,16855,-567,5169,6447,6447,4672,5239,15549,16443,-894,5011,5839,5839,4699,5593,15081,16059,-978,4719,5898,5898,4464,5442,13476,13958,-482,4018,5069,5069,4389,4871
"울산광역시","35 - 39세",14767,15473,-706,5188,5428,5428,4151,4857,13613,14368,-755,4693,4886,4886,4034,4789,15196,15678,-482,5415,5880,5880,3901,4383,13499,14363,-864,4871,4958,4958,3670,4534,11591,12566,-975,4101,4360,4360,3130,4105,9067,9502,-435,3031,3258,3258,2778,3213
"울산광역시","40 - 44세",10332,10839,-507,3875,3565,3565,2892,3399,9473,9960,-487,3636,3152,3152,2685,3172,10630,11059,-429,4092,3873,3873,2665,3094,10126,10753,-627,3864,3477,3477,2785,3412,9636,10419,-783,3748,3352,3352,2536,3319,8192,8628,-436,3031,2732,2732,2429,2865
"울산광역시","45 - 49세",10101,10798,-697,3987,3547,3547,2567,3264,9768,10457,-689,3907,3383,3383,2478,3167,10573,10960,-387,4195,3823,3823,2555,2942,9856,10543,-687,3976,3375,3375,2505,3192,8749,9337,-588,3515,2971,2971,2263,2851,6847,7204,-357,2607,2326,2326,1914,2271
"울산광역시","50 - 54세",8709,9352,-643,3452,3203,3203,2054,2697,8726,9400,-674,3377,3195,3195,2154,2828,10004,10529,-525,3977,3818,3818,2209,2734,9578,10297,-719,3902,3380,3380,2296,3015,9219,9947,-728,3671,3317,3317,2231,2959,7500,7911,-411,2914,2524,2524,2062,2473
"울산광역시","55 - 59세",7971,8826,-855,2981,3034,3034,1956,2811,7854,8703,-849,2798,2990,2990,2066,2915,8737,9333,-596,3262,3471,3471,2004,2600,8527,9362,-835,3434,3112,3112,1981,2816,8004,8897,-893,3177,2933,2933,1894,2787,6290,6815,-525,2401,2279,2279,1610,2135
"울산광역시","60 - 64세",5229,5901,-672,1846,2021,2021,1362,2034,5408,6086,-678,1939,2036,2036,1433,2111,6567,7116,-549,2358,2617,2617,1592,2141,6968,7828,-860,2579,2654,2654,1735,2595,7270,8266,-996,2767,2659,2659,1844,2840,5562,6338,-776,1982,2047,2047,1533,2309
"울산광역시","65 - 69세",3006,3275,-269,1062,1120,1120,824,1093,3103,3364,-261,1106,1219,1219,778,1039,3419,3622,-203,1217,1324,1324,878,1081,4052,4332,-280,1502,1598,1598,952,1232,4209,4639,-430,1602,1594,1594,1013,1443,3352,3663,-311,1245,1231,1231,876,1187
"울산광역시","70 - 74세",1878,1989,-111,696,647,647,535,646,1871,1925,-54,648,702,702,521,575,1999,2037,-38,734,729,729,536,574,2269,2387,-118,881,821,821,567,685,2371,2490,-119,915,850,850,606,725,1875,1947,-72,679,683,683,513,585
"울산광역시","75 - 79세",1504,1489,15,506,437,437,561,546,1491,1427,64,490,458,458,543,479,1544,1479,65,520,506,506,518,453,1602,1614,-12,625,493,493,484,496,1597,1556,41,651,493,493,453,412,1203,1151,52,422,385,385,396,344
"울산광역시","80세이상",1959,1792,167,513,545,545,901,734,2042,1836,206,541,531,531,970,764,2095,1900,195,582,591,591,922,727,2160,1988,172,652,607,607,901,729,2373,2100,273,759,624,624,990,717,1950,1712,238,595,528,528,827,589
"세종특별자치시","계",82073,47383,34690,23245,0,0,58828,24138,86433,55000,31433,28450,0,0,57983,26550,82398,58674,23724,28381,0,0,54017,30293,78934,65909,13025,30045,0,0,48889,35864,76912,62827,14085,30037,0,0,46875,32790,65529,55401,10128,25292,0,0,40237,30109
"세종특별자치시","0 - 4세",6458,3724,2734,2043,0,0,4415,1681,6454,4140,2314,2451,0,0,4003,1689,5946,4214,1732,2390,0,0,3556,1824,5012,4435,577,2356,0,0,2656,2079,4281,3658,623,2118,0,0,2163,1540,3747,3281,466,1904,0,0,1843,1377
"세종특별자치시","5 - 9세",5639,2834,2805,1798,0,0,3841,1036,5841,3265,2576,2175,0,0,3666,1090,4819,3018,1801,1748,0,0,3071,1270,4730,3656,1074,2048,0,0,2682,1608,4352,3423,929,2032,0,0,2320,1391,3746,2757,989,1634,0,0,2112,1123
"세종특별자치시","10 - 14세",4001,1951,2050,1199,0,0,2802,752,4312,2570,1742,1803,0,0,2509,767,3574,2452,1122,1489,0,0,2085,963,3392,2667,725,1504,0,0,1888,1163,3267,2568,699,1590,0,0,1677,978,2896,2177,719,1302,0,0,1594,875
"세종특별자치시","15 - 19세",3648,2003,1645,1047,0,0,2601,956,3903,2521,1382,1307,0,0,2596,1214,3552,2715,837,1339,0,0,2213,1376,3231,2900,331,1341,0,0,1890,1559,3188,2750,438,1355,0,0,1833,1395,2717,2655,62,1109,0,0,1608,1546
"세종특별자치시","20 - 24세",5289,3389,1900,1225,0,0,4064,2164,5742,3891,1851,1439,0,0,4303,2452,5370,4416,954,1427,0,0,3943,2989,5435,5101,334,1504,0,0,3931,3597,5610,4974,636,1454,0,0,4156,3520,4787,4564,223,1117,0,0,3670,3447
"세종특별자치시","25 - 29세",7519,4951,2568,1842,0,0,5677,3109,8455,5528,2927,2202,0,0,6253,3326,8816,6514,2302,2473,0,0,6343,4041,8793,7156,1637,2684,0,0,6109,4472,9175,7178,1997,2938,0,0,6237,4240,7921,6534,1387,2526,0,0,5395,4008
"세종특별자치시","30 - 34세",10057,5878,4179,2868,0,0,7189,3010,10043,6224,3819,3066,0,0,6977,3158,10093,6767,3326,3256,0,0,6837,3511,9166,7379,1787,3545,0,0,5621,3834,9252,7179,2073,3698,0,0,5554,3481,8286,6698,1588,3317,0,0,4969,3381
"세종특별자치시","35 - 39세",10297,5834,4463,3102,0,0,7195,2732,10885,6901,3984,3870,0,0,7015,3031,10263,7181,3082,3765,0,0,6498,3416,9214,7687,1527,3745,0,0,5469,3942,8092,6693,1399,3491,0,0,4601,3202,7023,5750,1273,2959,0,0,4064,2791
"세종특별자치시","40 - 44세",7765,4301,3464,2297,0,0,5468,2004,7897,5067,2830,2890,0,0,5007,2177,7140,5135,2005,2655,0,0,4485,2480,7047,5750,1297,2841,0,0,4206,2909,6974,5756,1218,3019,0,0,3955,2737,5899,4901,998,2469,0,0,3430,2432
"세종특별자치시","45 - 49세",6026,3483,2543,1724,0,0,4302,1759,6329,4171,2158,2207,0,0,4122,1964,6227,4508,1719,2315,0,0,3912,2193,5964,4947,1017,2332,0,0,3632,2615,5696,4685,1011,2299,0,0,3397,2386,4525,3968,557,1925,0,0,2600,2043
"세종특별자치시","50 - 54세",4367,2441,1926,1124,0,0,3243,1317,4607,2910,1697,1453,0,0,3154,1457,4961,3403,1558,1717,0,0,3244,1686,4670,3971,699,1704,0,0,2966,2267,4993,3875,1118,1813,0,0,3180,2062,4031,3506,525,1513,0,0,2518,1993
"세종특별자치시","55 - 59세",4042,2314,1728,1103,0,0,2939,1211,4291,2697,1594,1278,0,0,3013,1419,4049,2810,1239,1319,0,0,2730,1491,3934,3288,646,1453,0,0,2481,1835,3765,3048,717,1306,0,0,2459,1742,2997,2630,367,1034,0,0,1963,1596
"세종특별자치시","60 - 64세",2749,1624,1125,731,0,0,2018,893,3186,1973,1213,921,0,0,2265,1052,3089,2135,954,977,0,0,2112,1158,3366,2811,555,1210,0,0,2156,1601,3347,2776,571,1190,0,0,2157,1586,2860,2449,411,1000,0,0,1860,1449
"세종특별자치시","65 - 69세",1602,1001,601,438,0,0,1164,563,1760,1155,605,539,0,0,1221,616,1672,1236,436,548,0,0,1124,688,1891,1585,306,689,0,0,1202,896,1933,1606,327,647,0,0,1286,959,1620,1407,213,596,0,0,1024,811
"세종특별자치시","70 - 74세",972,613,359,261,0,0,711,352,1004,716,288,335,0,0,669,381,1131,886,245,408,0,0,723,478,1190,997,193,423,0,0,767,574,1180,1005,175,416,0,0,764,589,937,857,80,352,0,0,585,505
"세종특별자치시","75 - 79세",707,435,272,180,0,0,527,255,786,574,212,253,0,0,533,321,708,568,140,244,0,0,464,324,754,662,92,265,0,0,489,397,735,709,26,281,0,0,454,428,585,518,67,211,0,0,374,307
"세종특별자치시","80세이상",935,607,328,263,0,0,672,344,938,697,241,261,0,0,677,436,988,716,272,311,0,0,677,405,1145,917,228,401,0,0,744,516,1072,944,128,390,0,0,682,554,952,749,203,324,0,0,628,425
"경기도","계",1888324,1772162,116162,740434,518753,518753,629137,512975,2041715,1871621,170094,788471,578031,578031,675213,505119,1940962,1806296,134666,744143,557565,557565,639254,504588,2152572,1984199,168373,842504,605557,605557,704511,536138,2036215,1885698,150517,779725,586091,586091,670399,519882,1645990,1602108,43882,627887,476258,476258,541845,497963
"경기도","0 - 4세",112279,100973,11306,43591,33101,33101,35587,24281,122730,106596,16134,47171,37559,37559,38000,21866,104523,93553,10970,41448,31838,31838,31237,20267,105000,94266,10734,42835,31164,31164,31001,20267,87919,80340,7579,36393,26788,26788,24738,17159,65893,63090,2803,27510,20158,20158,18225,15422
"경기도","5 - 9세",86029,81465,4564,39422,23669,23669,22938,18374,95855,88105,7750,43122,27561,27561,25172,17422,85027,80462,4565,38629,24691,24691,21707,17142,94816,89352,5464,43129,26871,26871,24816,19352,84674,80207,4467,38470,24610,24610,21594,17127,61813,61568,245,28938,17307,17307,15568,15323
"경기도","10 - 14세",65252,63780,1472,32623,17173,17173,15456,13984,71763,68025,3738,34723,19781,19781,17259,13521,65873,64048,1825,31921,18569,18569,15383,13558,70892,68013,2879,34999,18847,18847,17046,14167,65504,62796,2708,32214,17738,17738,15552,12844,50592,50472,120,24814,13450,13450,12328,12208
"경기도","15 - 19세",95880,93329,2551,41823,24839,24839,29218,26667,94861,91263,3598,40432,25366,25366,29063,25465,90628,87253,3375,36198,25169,25169,29261,25886,92069,86936,5133,39628,23941,23941,28500,23367,81818,76899,4919,32995,22084,22084,26739,21820,68881,68387,494,25577,19402,19402,23902,23408
"경기도","20 - 24세",146900,139619,7281,53125,36452,36452,57323,50042,153930,145128,8802,55387,39179,39179,59364,50562,154417,142876,11541,52321,39883,39883,62213,50672,175607,156231,19376,60279,44363,44363,70965,51589,169305,153152,16153,54265,44502,44502,70538,54385,140580,138747,1833,42499,38414,38414,59667,57834
"경기도","25 - 29세",203372,190097,13275,66506,55540,55540,81326,68051,227898,211305,16593,74136,64064,64064,89698,73105,234614,219374,15240,76120,67060,67060,91434,76194,263309,243494,19815,87689,75007,75007,100613,80798,264479,247047,17432,86281,77423,77423,100775,83343,223076,217985,5091,71055,66167,66167,85854,80763
"경기도","30 - 34세",218720,200575,18145,74890,63476,63476,80354,62209,229082,204717,24365,77596,68682,68682,82804,58439,217615,197607,20008,74005,65891,65891,77719,57711,239108,216665,22443,83270,71534,71534,84304,61861,236234,213023,23211,81642,71636,71636,82956,59745,202531,190739,11792,69879,62111,62111,70541,58749
"경기도","35 - 39세",202275,185959,16316,74452,58905,58905,68918,52602,229242,204028,25214,83297,68943,68943,77002,51788,210557,191263,19294,77052,63663,63663,69842,50548,224007,201383,22624,83110,66146,66146,74751,52127,200459,181274,19185,74247,60043,60043,66169,46984,152260,144375,7885,56827,45351,45351,50082,42197
"경기도","40 - 44세",153640,146473,7167,63089,43444,43444,47107,39940,164478,151326,13152,66032,47860,47860,50586,37434,151770,142112,9658,60306,45233,45233,46231,36573,170686,158012,12674,68653,49286,49286,52747,40073,161423,150454,10969,63885,47818,47818,49720,38751,130360,127486,2874,52131,38261,38261,39968,37094
"경기도","45 - 49세",146529,141471,5058,64899,39650,39650,41980,36922,156310,146879,9431,67528,43511,43511,45271,35840,149059,141694,7365,63049,42829,42829,43181,35816,161079,151147,9932,69873,44406,44406,46800,36868,141719,133791,7928,60713,39866,39866,41140,33212,109621,107994,1627,46477,31457,31457,31687,30060
"경기도","50 - 54세",121986,117224,4762,53848,33178,33178,34960,30198,129098,121655,7443,56041,36006,36006,37051,29608,127548,121336,6212,54829,36243,36243,36476,30264,145401,136774,8627,64098,40100,40100,41203,32576,138942,130809,8133,59557,39240,39240,40145,32012,114038,112293,1745,48904,32488,32488,32646,30901
"경기도","55 - 59세",112773,107032,5741,46706,30934,30934,35133,29392,121560,113074,8486,50113,34223,34223,37224,28738,112748,106391,6357,46450,32283,32283,34015,27658,127207,119884,7323,53869,35917,35917,37421,30098,117506,111087,6419,48775,34006,34006,34725,28306,93060,92258,802,39198,26896,26896,26966,26164
"경기도","60 - 64세",78979,73354,5625,30346,21542,21542,27091,21466,88405,80399,8006,33761,24458,24458,30186,22180,87864,82296,5568,34148,24989,24989,28727,23159,105492,98742,6750,41847,29723,29723,33922,27172,106162,99851,6311,41320,30726,30726,34116,27805,86291,86068,223,35354,24694,24694,26243,26020
"경기도","65 - 69세",48974,44357,4617,18758,12534,12534,17682,13065,53022,47348,5674,20048,14171,14171,18803,13129,50589,46581,4008,19595,13729,13729,17265,13257,63406,58732,4674,24842,17413,17413,21151,16477,66146,61655,4491,25603,18626,18626,21917,17426,55064,53997,1067,22243,15381,15381,17440,16373
"경기도","70 - 74세",34934,31763,3171,13685,8910,8910,12339,9168,37070,33068,4002,14181,9706,9706,13183,9181,35232,32308,2924,13851,9311,9311,12070,9146,41904,38698,3206,16438,11433,11433,14033,10827,41121,37866,3255,15791,11321,11321,14009,10754,32066,30972,1094,12977,8709,8709,10380,9286
"경기도","75 - 79세",27207,24770,2437,10574,7012,7012,9621,7184,30063,26610,3453,11569,7646,7646,10848,7395,27131,24837,2294,10819,7015,7015,9297,7003,31246,28256,2990,12214,8336,8336,10696,7706,29546,26940,2606,11569,7845,7845,10132,7526,22919,21605,1314,9327,6088,6088,7504,6190
"경기도","80세이상",32595,29921,2674,12097,8394,8394,12104,9430,36348,32095,4253,13334,9315,9315,13699,9446,35767,32305,3462,13402,9169,9169,13196,9734,41343,37614,3729,15731,11070,11070,14542,10813,43258,38507,4751,16005,11819,11819,15434,10683,36945,34072,2873,14177,9924,9924,12844,9971
"강원특별자치도","계",211653,209618,2035,92243,38720,38720,80690,78655,216398,220252,-3854,103018,37068,37068,76312,80166,217626,215965,1661,104679,35002,35002,77945,76284,223354,217897,5457,105809,35254,35254,82291,76834,217103,210422,6681,98709,34936,34936,83458,76777,194864,187370,7494,87946,31044,31044,75874,68380
"강원특별자치도","0 - 4세",10522,10306,216,4989,1800,1800,3733,3517,10728,10523,205,5586,1717,1717,3425,3220,10310,9749,561,5430,1578,1578,3302,2741,10026,9299,727,5195,1601,1601,3230,2503,8063,7664,399,4082,1320,1320,2661,2262,7173,6737,436,3707,1183,1183,2283,1847
"강원특별자치도","5 - 9세",10483,10475,8,6058,1675,1675,2750,2742,11001,10979,22,6679,1651,1651,2671,2649,10927,10623,304,6765,1462,1462,2700,2396,10714,10283,431,6335,1470,1470,2909,2478,9826,9302,524,5722,1296,1296,2808,2284,8591,8258,333,5051,1162,1162,2378,2045
"강원특별자치도","10 - 14세",7914,8156,-242,4746,1390,1390,1778,2020,8337,8561,-224,5182,1373,1373,1782,2006,8291,8381,-90,5264,1245,1245,1782,1872,8167,8103,64,5028,1222,1222,1917,1853,7386,7367,19,4486,1051,1051,1849,1830,6750,6752,-2,3990,950,950,1810,1812
"강원특별자치도","15 - 19세",12258,12126,132,5131,2697,2697,4430,4298,11693,11701,-8,5251,2402,2402,4040,4048,11918,11747,171,5249,2496,2496,4173,4002,10290,10562,-272,5142,1887,1887,3261,3533,9285,9297,-12,4220,1786,1786,3279,3291,8824,8922,-98,3708,1608,1608,3508,3606
"강원특별자치도","20 - 24세",20512,22361,-1849,6285,3818,3818,10409,12258,19271,22652,-3381,6819,3524,3524,8928,12309,20193,22998,-2805,7007,3679,3679,9507,12312,20931,23937,-3006,7447,3739,3739,9745,12751,20546,23485,-2939,6915,3666,3666,9965,12904,19068,21193,-2125,6016,3544,3544,9508,11633
"강원특별자치도","25 - 29세",21912,24511,-2599,7509,4291,4291,10112,12711,22872,26731,-3859,8701,4328,4328,9843,13702,24073,26919,-2846,9283,4261,4261,10529,13375,25997,27820,-1823,10006,4596,4596,11395,13218,26808,28443,-1635,10174,4917,4917,11717,13352,24107,24654,-547,9234,4207,4207,10666,11213
"강원특별자치도","30 - 34세",20083,20172,-89,8275,3766,3766,8042,8131,19900,20637,-737,9054,3603,3603,7243,7980,19713,19637,76,8977,3292,3292,7444,7368,20303,19920,383,9073,3390,3390,7840,7457,19997,19736,261,8629,3512,3512,7856,7595,18695,18134,561,8196,3171,3171,7328,6767
"강원특별자치도","35 - 39세",18915,18480,435,8290,3646,3646,6979,6544,20067,19805,262,9760,3426,3426,6881,6619,19951,19137,814,10042,3025,3025,6884,6070,19783,18856,927,9582,3186,3186,7015,6088,17677,16657,1020,8033,2950,2950,6694,5674,14809,14045,764,6970,2328,2328,5511,4747
"강원특별자치도","40 - 44세",16032,15767,265,7713,3019,3019,5300,5035,16145,16111,34,8347,2784,2784,5014,4980,16010,15666,344,8529,2514,2514,4967,4623,16502,15891,611,8477,2565,2565,5460,4849,16034,15160,874,7658,2655,2655,5721,4847,14780,13963,817,7227,2267,2267,5286,4469
"강원특별자치도","45 - 49세",16384,15609,775,7853,3041,3041,5490,4715,16376,16076,300,8422,2774,2774,5180,4880,16523,15953,570,8863,2548,2548,5112,4542,16847,15851,996,8817,2528,2528,5502,4506,15124,14169,955,7613,2316,2316,5195,4240,13213,12421,792,6611,2057,2057,4545,3753
"강원특별자치도","50 - 54세",14568,13389,1179,6518,2707,2707,5343,4164,14962,14217,745,7419,2516,2516,5027,4282,15283,14258,1025,7803,2351,2351,5129,4104,16231,14753,1478,8105,2452,2452,5674,4196,15807,14218,1589,7742,2330,2330,5735,4146,14182,12962,1220,6839,2185,2185,5158,3938
"강원특별자치도","55 - 59세",14762,13122,1640,6484,2549,2549,5729,4089,15455,14212,1243,7366,2539,2539,5550,4307,14909,13347,1562,7161,2304,2304,5444,3882,15051,13444,1607,7225,2208,2208,5618,4011,14600,12677,1923,6591,2279,2279,5730,3807,12850,11129,1721,5764,1945,1945,5141,3420
"강원특별자치도","60 - 64세",10326,9109,1217,4363,1712,1712,4251,3034,11524,10483,1041,5302,1822,1822,4400,3359,11864,10577,1287,5434,1757,1757,4673,3386,13246,11520,1726,5933,1862,1862,5451,3725,14535,12473,2062,6327,2049,2049,6159,4097,12864,10914,1950,5605,1851,1851,5408,3458
"강원특별자치도","65 - 69세",5504,4999,505,2475,801,801,2228,1723,6009,5478,531,2864,805,805,2340,1809,6151,5536,615,2892,855,855,2404,1789,7227,6273,954,3335,922,922,2970,2016,8365,7380,985,3853,1133,1133,3379,2394,7648,6602,1046,3422,989,989,3237,2191
"강원특별자치도","70 - 74세",3955,3687,268,1816,603,603,1536,1268,4086,3914,172,2070,571,571,1445,1273,3963,3764,199,1980,522,522,1461,1262,4123,3708,415,1993,517,517,1613,1198,4368,3913,455,2078,540,540,1750,1295,3815,3439,376,1744,512,512,1559,1183
"강원특별자치도","75 - 79세",3356,3208,148,1712,510,510,1134,986,3503,3539,-36,1858,518,518,1127,1163,3108,3142,-34,1688,416,416,1004,1038,3296,3112,184,1728,407,407,1161,977,3384,3243,141,1788,418,418,1178,1037,2769,2590,179,1384,393,393,992,813
"강원특별자치도","80세이상",4167,4141,26,2026,695,695,1446,1420,4469,4633,-164,2338,715,715,1416,1580,4439,4531,-92,2312,697,697,1430,1522,4620,4565,55,2388,702,702,1530,1475,5298,5238,60,2798,718,718,1782,1722,4726,4655,71,2478,692,692,1556,1485
"충청북도","계",197177,194915,2262,95481,24344,24344,77352,75090,218886,213737,5149,112186,26684,26684,80016,74867,211396,208831,2565,107970,25414,25414,78012,75447,229895,226441,3454,118937,28216,28216,82742,79288,214300,210838,3462,105180,26250,26250,82870,79408,185419,180218,5201,86905,22333,22333,76181,70980
"충청북도","0 - 4세",10623,10873,-250,5849,1280,1280,3494,3744,12480,12488,-8,7683,1410,1410,3387,3395,10424,10307,117,6345,1100,1100,2979,2862,10249,10138,111,6175,1090,1090,2984,2873,7609,7662,-53,4340,876,876,2393,2446,6029,6180,-151,3474,642,642,1913,2064
"충청북도","5 - 9세",9292,9477,-185,5714,1027,1027,2551,2736,10923,10795,128,7176,1171,1171,2576,2448,9789,9691,98,6375,1003,1003,2411,2313,10078,9889,189,6379,1116,1116,2583,2394,8363,8231,132,5205,897,897,2261,2129,6777,6784,-7,4181,684,684,1912,1919
"충청북도","10 - 14세",6874,6992,-118,4134,835,835,1905,2023,7685,7595,90,4915,922,922,1848,1758,7724,7552,172,5048,777,777,1899,1727,7611,7473,138,4880,850,850,1881,1743,6355,6409,-54,4077,609,609,1669,1723,5239,5386,-147,3306,520,520,1413,1560
"충청북도","15 - 19세",10136,10092,44,4966,1267,1267,3903,3859,10426,10709,-283,5643,1278,1278,3505,3788,10507,10545,-38,5378,1227,1227,3902,3940,9488,9903,-415,5224,1236,1236,3028,3443,8401,8797,-396,4123,1190,1190,3088,3484,7270,7580,-310,3109,935,935,3226,3536
"충청북도","20 - 24세",18601,19941,-1340,7093,2397,2397,9111,10451,20238,21700,-1462,8289,2614,2614,9335,10797,20269,22254,-1985,8142,2648,2648,9479,11464,22480,25116,-2636,9430,3037,3037,10013,12649,21647,24184,-2537,8230,2863,2863,10554,13091,19951,21128,-1177,6774,2447,2447,10730,11907
"충청북도","25 - 29세",23237,24114,-877,9463,2950,2950,10824,11701,26787,26974,-187,11071,3303,3303,12413,12600,27102,27908,-806,11130,3640,3640,12332,13138,31761,31966,-205,14120,4163,4163,13478,13683,31565,31618,-53,13590,3919,3919,14056,14109,28729,28324,405,11998,3545,3545,13186,12781
"충청북도","30 - 34세",21340,21496,-156,10300,2733,2733,8307,8463,22929,22510,419,11626,2926,2926,8377,7958,21521,21494,27,10685,2628,2628,8208,8181,23565,23455,110,12235,2815,2815,8515,8405,22007,21859,148,10785,2845,2845,8377,8229,20404,20183,221,9973,2431,2431,8000,7779
"충청북도","35 - 39세",18415,18296,119,9278,2303,2303,6834,6715,21503,20832,671,11525,2701,2701,7277,6606,19933,19513,420,10831,2330,2330,6772,6352,20742,20499,243,11141,2572,2572,7029,6786,17819,17610,209,9072,2246,2246,6501,6292,14337,14100,237,7158,1709,1709,5470,5233
"충청북도","40 - 44세",15087,14913,174,7763,1887,1887,5437,5263,16442,15758,684,8968,1993,1993,5481,4797,15169,14775,394,8390,1731,1731,5048,4654,16620,15983,637,8901,2006,2006,5713,5076,14656,14389,267,7660,1753,1753,5243,4976,12890,12342,548,6410,1606,1606,4874,4326
"충청북도","45 - 49세",14844,14287,557,7780,1818,1818,5246,4689,16505,15733,772,9059,1999,1999,5447,4675,15865,15222,643,8803,1830,1830,5232,4589,16177,15650,527,9120,1850,1850,5207,4680,14549,13849,700,7606,1734,1734,5209,4509,11667,11035,632,5912,1358,1358,4397,3765
"충청북도","50 - 54세",13004,12095,909,6522,1675,1675,4807,3898,14228,13190,1038,7602,1702,1702,4924,3886,14705,13801,904,7843,1818,1818,5044,4140,16483,15297,1186,8933,2096,2096,5454,4268,15233,14316,917,7974,1817,1817,5442,4525,12944,11914,1030,6398,1619,1619,4927,3897
"충청북도","55 - 59세",12776,11454,1322,6032,1534,1534,5210,3888,13734,12528,1206,6746,1724,1724,5264,4058,13144,12020,1124,6553,1680,1680,4911,3787,14671,13370,1301,7458,1862,1862,5351,4050,13924,12478,1446,6743,1839,1839,5342,3896,11568,10284,1284,5237,1581,1581,4750,3466
"충청북도","60 - 64세",8819,7593,1226,3911,1027,1027,3881,2655,9844,8739,1105,4585,1189,1189,4070,2965,9984,9211,773,4834,1216,1216,3934,3161,12208,10978,1230,5871,1476,1476,4861,3631,13020,11559,1461,6064,1569,1569,5387,3926,11221,9899,1322,4931,1433,1433,4857,3535
"충청북도","65 - 69세",4744,4264,480,2144,536,536,2064,1584,5072,4621,451,2383,591,591,2098,1647,5322,4898,424,2616,606,606,2100,1676,6618,6004,614,3219,764,764,2635,2021,7600,6842,758,3712,833,833,3055,2297,6616,5822,794,3081,762,762,2773,1979
"충청북도","70 - 74세",3136,2904,232,1486,331,331,1319,1087,3267,2937,330,1599,351,351,1317,987,3191,3028,163,1588,390,390,1213,1050,3803,3547,256,1978,419,419,1406,1150,3950,3737,213,2020,419,419,1511,1298,3371,3077,294,1678,331,331,1362,1068
"충청북도","75 - 79세",2654,2543,111,1297,305,305,1052,941,2913,2717,196,1426,301,301,1186,990,2680,2620,60,1375,305,305,1000,940,2970,2833,137,1582,333,333,1055,918,2886,2711,175,1520,331,331,1035,860,2215,2134,81,1175,239,239,801,720
"충청북도","80세이상",3595,3581,14,1749,439,439,1407,1393,3910,3911,-1,1890,509,509,1511,1512,4067,3992,75,2034,485,485,1548,1473,4371,4340,31,2291,531,531,1549,1518,4716,4587,129,2459,510,510,1747,1618,4191,4046,145,2110,491,491,1590,1445
"충청남도","계",288738,269337,19401,120050,41562,41562,127126,107725,292305,282221,10084,126255,43410,43410,122640,112556,258790,259584,-794,104346,39607,39607,114837,115631,287127,286386,741,117462,45904,45904,123761,123020,282195,273673,8522,110444,46065,46065,125686,117164,260488,246174,14314,99469,44323,44323,116696,102382
"충청남도","0 - 4세",17592,16200,1392,8480,2733,2733,6379,4987,16408,15980,428,8305,2701,2701,5402,4974,12060,12537,-477,5806,2013,2013,4241,4718,12475,12829,-354,6292,2031,2031,4152,4506,10684,10774,-90,5032,1926,1926,3726,3816,9358,9174,184,4191,2001,2001,3166,2982
"충청남도","5 - 9세",14155,13400,755,7656,1992,1992,4507,3752,13473,13138,335,7435,1933,1933,4105,3770,10699,11180,-481,5724,1503,1503,3472,3953,11500,11923,-423,6114,1720,1720,3666,4089,10930,11149,-219,5742,1757,1757,3431,3650,9968,9727,241,5030,1787,1787,3151,2910
"충청남도","10 - 14세",11019,10526,493,6165,1450,1450,3404,2911,10538,10331,207,5979,1439,1439,3120,2913,9100,9122,-22,4855,1395,1395,2850,2872,9348,9504,-156,5104,1410,1410,2834,2990,9225,8931,294,4857,1344,1344,3024,2730,8766,8512,254,4598,1519,1519,2649,2395
"충청남도","15 - 19세",14728,14502,226,6567,2214,2214,5947,5721,14321,14390,-69,6381,2195,2195,5745,5814,12517,13041,-524,5041,1993,1993,5483,6007,12220,12995,-775,5492,1947,1947,4781,5556,11537,11889,-352,4761,1991,1991,4785,5137,11399,11483,-84,4184,2122,2122,5093,5177
"충청남도","20 - 24세",25172,26266,-1094,8203,3589,3589,13380,14474,26149,27921,-1772,9199,3820,3820,13130,14902,24490,27666,-3176,7557,3737,3737,13196,16372,27267,31493,-4226,8747,4299,4299,14221,18447,27356,30647,-3291,8286,4348,4348,14722,18013,25878,28088,-2210,7122,4096,4096,14660,16870
"충청남도","25 - 29세",33999,32601,1398,11250,5045,5045,17704,16306,36615,36302,313,12959,5547,5547,18109,17796,34410,35240,-830,11642,5190,5190,17578,18408,38749,39241,-492,13300,6602,6602,18847,19339,38702,38491,211,12972,6517,6517,19213,19002,36035,35167,868,11832,6289,6289,17914,17046
"충청남도","30 - 34세",32849,30604,2245,13269,5105,5105,14475,12230,32244,31348,896,13860,5261,5261,13123,12227,27547,27448,99,10776,4745,4745,12026,11927,30760,30944,-184,12345,5540,5540,12875,13059,29548,29260,288,11345,5460,5460,12743,12455,27785,26748,1037,10456,5428,5428,11901,10864
"충청남도","35 - 39세",29725,27472,2253,13018,4516,4516,12191,9938,29662,28603,1059,13450,4697,4697,11515,10456,24801,25101,-300,10377,4206,4206,10218,10518,26957,27098,-141,11422,4788,4788,10747,10888,24639,23957,682,9954,4470,4470,10215,9533,21467,20315,1152,8457,4107,4107,8903,7751
"충청남도","40 - 44세",22945,21073,1872,10333,3240,3240,9372,7500,21938,20867,1071,10082,3248,3248,8608,7537,19086,19088,-2,8519,2852,2852,7715,7717,21808,21383,425,9437,3606,3606,8765,8340,21485,20615,870,8884,3609,3609,8992,8122,20110,18870,1240,8409,3598,3598,8103,6863
"충청남도","45 - 49세",21392,19827,1565,9754,3051,3051,8587,7022,22132,20880,1252,10318,3180,3180,8634,7382,19684,19006,678,8575,2950,2950,8159,7481,21154,20613,541,9389,3371,3371,8394,7853,20142,18855,1287,8430,3327,3327,8385,7098,17806,16383,1423,7568,2970,2970,7268,5845
"충청남도","50 - 54세",17671,15548,2123,7391,2385,2385,7895,5772,18752,17278,1474,8311,2731,2731,7710,6236,17302,16446,856,7300,2590,2590,7412,6556,19801,18556,1245,8473,3122,3122,8206,6961,20124,18414,1710,8235,3241,3241,8648,6938,18273,16345,1928,7347,2960,2960,7966,6038
"충청남도","55 - 59세",16732,14398,2334,6589,2287,2287,7856,5522,17571,15510,2061,7242,2426,2426,7903,5842,15870,14513,1357,6307,2247,2247,7316,5959,18278,16401,1877,7344,2629,2629,8305,6428,17612,15669,1943,6884,2761,2761,7967,6024,15900,13416,2484,6010,2407,2407,7483,4999
"충청남도","60 - 64세",11235,9325,1910,3994,1438,1438,5803,3893,12155,10702,1453,4633,1596,1596,5926,4473,11969,10931,1038,4498,1656,1656,5815,4777,14640,12868,1772,5406,2023,2023,7211,5439,16245,13605,2640,5891,2227,2227,8127,5487,15101,12365,2736,5544,2025,2025,7532,4796
"충청남도","65 - 69세",6850,5688,1162,2478,826,826,3546,2384,7083,6235,848,2844,866,866,3373,2525,6480,5905,575,2441,818,818,3221,2646,8117,7225,892,3088,1017,1017,4012,3120,9136,7796,1340,3410,1211,1211,4515,3175,8850,7158,1692,3210,1210,1210,4430,2738
"충청남도","70 - 74세",4359,3803,556,1686,559,559,2114,1558,4394,4014,380,1734,547,547,2113,1733,4250,3971,279,1625,572,572,2053,1774,4996,4479,517,1898,593,593,2505,1988,5469,4701,768,2077,653,653,2739,1971,5238,4457,781,2023,702,702,2513,1732
"충청남도","75 - 79세",3458,3275,183,1339,458,458,1661,1478,3700,3510,190,1454,523,523,1723,1533,3412,3167,245,1323,422,422,1667,1422,3522,3355,167,1400,458,458,1664,1497,3572,3205,367,1386,431,431,1755,1388,3175,2774,401,1286,418,418,1471,1070
"충청남도","80세이상",4857,4829,28,1878,674,674,2305,2277,5170,5212,-42,2069,700,700,2401,2443,5113,5222,-109,1980,718,718,2415,2524,5535,5479,56,2211,748,748,2576,2520,5789,5715,74,2298,792,792,2699,2625,5379,5192,187,2202,684,684,2493,2306
"전라북도","계",232047,239253,-7206,110582,56756,56756,64709,71915,243324,257097,-13773,126328,57018,57018,59978,73751,228775,241523,-12748,117247,53110,53110,58418,71166,249083,257577,-8494,132951,53507,53507,62625,71119,223710,229511,-5801,114540,47692,47692,61478,67279,199432,204547,-5115,99552,44369,44369,55511,60626
"전라북도","0 - 4세",11867,11903,-36,6365,2522,2522,2980,3016,12508,12605,-97,7426,2502,2502,2580,2677,10566,10585,-19,6101,2247,2247,2218,2237,10262,10217,45,6258,1885,1885,2119,2074,7691,7622,69,4404,1520,1520,1767,1698,6366,6284,82,3619,1320,1320,1427,1345
"전라북도","5 - 9세",12127,12267,-140,7486,2432,2432,2209,2349,12660,12933,-273,8106,2557,2557,1997,2270,11319,11437,-118,7120,2319,2319,1880,1998,11764,11736,28,7711,2034,2034,2019,1991,9513,9503,10,6161,1643,1643,1709,1699,7984,8100,-116,5046,1506,1506,1432,1548
"전라북도","10 - 14세",10076,10228,-152,5937,2365,2365,1774,1926,10071,10340,-269,6270,2233,2233,1568,1837,9738,9975,-237,6052,2202,2202,1484,1721,10009,10031,-22,6433,1925,1925,1651,1673,8225,8253,-28,5212,1566,1566,1447,1475,7709,7785,-76,4735,1623,1623,1351,1427
"전라북도","15 - 19세",13750,14089,-339,6423,3523,3523,3804,4143,13286,14426,-1140,6962,3177,3177,3147,4287,11792,12845,-1053,6083,2659,2659,3050,4103,11888,12573,-685,6637,2368,2368,2883,3568,10067,10719,-652,5068,2193,2193,2806,3458,8872,9741,-869,4298,1954,1954,2620,3489
"전라북도","20 - 24세",21365,24778,-3413,7845,5785,5785,7735,11148,21135,26159,-5024,9037,5412,5412,6686,11710,20414,25786,-5372,8486,5117,5117,6811,12183,22824,27902,-5078,9908,5318,5318,7598,12676,22052,26420,-4368,8901,5077,5077,8074,12442,19459,23980,-4521,7448,4647,4647,7364,11885
"전라북도","25 - 29세",22507,26150,-3643,8803,5674,5674,8030,11673,24364,28810,-4446,10319,6089,6089,7956,12402,24658,28975,-4317,10055,6333,6333,8270,12587,27858,31652,-3794,12345,6833,6833,8680,12474,27911,30809,-2898,12503,6300,6300,9108,12006,25473,28470,-2997,11057,6034,6034,8382,11379
"전라북도","30 - 34세",21509,22760,-1251,9925,5246,5246,6338,7589,21625,23439,-1814,10855,5090,5090,5680,7494,19920,21385,-1465,9904,4589,4589,5427,6892,21503,22645,-1142,10943,4732,4732,5828,6970,20396,21031,-635,10271,4450,4450,5675,6310,18782,19493,-711,9439,4317,4317,5026,5737
"전라북도","35 - 39세",20633,20981,-348,10183,4730,4730,5720,6068,22435,23158,-723,12050,4977,4977,5408,6131,20589,21254,-665,10859,4666,4666,5064,5729,22071,22225,-154,12187,4576,4576,5308,5462,17849,17867,-18,9420,3659,3659,4770,4788,14969,14867,102,7879,3196,3196,3894,3792
"전라북도","40 - 44세",18528,18469,59,9454,4320,4320,4754,4695,19074,19400,-326,10456,4296,4296,4322,4648,17475,17770,-295,9552,3928,3928,3995,4290,19215,19187,28,10675,4013,4013,4527,4499,16175,16025,150,8680,3263,3263,4232,4082,14816,14562,254,7931,3024,3024,3861,3607
"전라북도","45 - 49세",18378,18100,278,9171,4539,4539,4668,4390,19505,19732,-227,10719,4472,4472,4314,4541,18157,18235,-78,9993,4039,4039,4125,4203,19866,19636,230,11397,4059,4059,4410,4180,16396,16179,217,8842,3496,3496,4058,3841,14124,13665,459,7714,2816,2816,3594,3135
"전라북도","50 - 54세",15686,15285,401,7654,4028,4028,4004,3603,16506,16324,182,8818,3891,3891,3797,3615,16208,15986,222,8719,3729,3729,3760,3538,18027,17510,517,10116,3767,3767,4144,3627,16242,15844,398,8821,3424,3424,3997,3599,15048,14354,694,7831,3362,3362,3855,3161
"전라북도","55 - 59세",14833,14270,563,6982,3832,3832,4019,3456,16168,15779,389,8154,4053,4053,3961,3572,14877,14561,316,7582,3609,3609,3686,3370,16178,15637,541,8490,3740,3740,3948,3407,14355,13640,715,7348,3155,3155,3852,3137,12756,11932,824,6255,2963,2963,3538,2714
"전라북도","60 - 64세",10185,9740,445,4641,2629,2629,2915,2470,11781,11470,311,5856,2928,2928,2997,2686,11595,11315,280,5750,2809,2809,3036,2756,13552,13086,466,6938,3125,3125,3489,3023,13651,12960,691,6739,3147,3147,3765,3074,12541,11610,931,5802,3058,3058,3681,2750
"전라북도","65 - 69세",6740,6379,361,3197,1619,1619,1924,1563,7324,7232,92,3749,1741,1741,1834,1742,7083,6826,257,3565,1633,1633,1885,1628,8228,7885,343,4444,1803,1803,1981,1638,8306,7902,404,4265,1809,1809,2232,1828,7580,7041,539,3760,1737,1737,2083,1544
"전라북도","70 - 74세",4613,4389,224,2273,1095,1095,1245,1021,5023,4971,52,2614,1166,1166,1243,1191,4765,4613,152,2478,1040,1040,1247,1095,5721,5503,218,3135,1157,1157,1429,1211,5414,5126,288,2909,1045,1045,1460,1172,4679,4426,253,2400,1045,1045,1234,981
"전라북도","75 - 79세",3839,3833,6,1823,994,994,1022,1016,4045,4115,-70,2106,928,928,1011,1081,3865,3894,-29,2024,857,857,984,1013,3958,3850,108,2133,821,821,1004,896,3503,3428,75,1935,652,652,916,841,3040,2964,76,1653,647,647,740,664
"전라북도","80세이상",5411,5632,-221,2420,1423,1423,1568,1789,5814,6204,-390,2831,1506,1506,1477,1867,5754,6081,-327,2924,1334,1334,1496,1823,6159,6302,-143,3201,1351,1351,1607,1750,5964,6183,-219,3061,1293,1293,1610,1829,5234,5273,-39,2685,1120,1120,1429,1468
"전라남도","계",227504,230551,-3047,85559,51613,51613,90332,93379,224384,232414,-8030,83406,51567,51567,89411,97441,224483,233271,-8788,84162,52252,52252,88069,96857,239016,248770,-9754,92950,58263,58263,87803,97557,223619,228106,-4487,89248,49323,49323,85048,89535,191956,192301,-345,76588,39728,39728,75640,75985
"전라남도","0 - 4세",11917,12717,-800,4987,3003,3003,3927,4727,10430,11556,-1126,4466,2583,2583,3381,4507,9585,10583,-998,4420,2155,2155,3010,4008,9570,10370,-800,4509,2278,2278,2783,3583,7892,8691,-799,3784,1750,1750,2358,3157,6202,6597,-395,3105,1194,1194,1903,2298
"전라남도","5 - 9세",11797,11908,-111,6114,2535,2535,3148,3259,11167,11440,-273,5823,2401,2401,2943,3216,10197,10733,-536,5381,2254,2254,2562,3098,11360,11357,3,5878,2640,2640,2842,2839,10163,9940,223,5384,2116,2116,2663,2440,8329,8209,120,4499,1588,1588,2242,2122
"전라남도","10 - 14세",9099,9054,45,4501,2142,2142,2456,2411,8518,8684,-166,4195,2114,2114,2209,2375,8313,8490,-177,4226,2104,2104,1983,2160,8762,8815,-53,4647,2075,2075,2040,2093,8233,8141,92,4388,1846,1846,1999,1907,6782,6868,-86,3656,1350,1350,1776,1862
"전라남도","15 - 19세",12710,13389,-679,5074,3076,3076,4560,5239,11860,12417,-557,4554,2818,2818,4488,5045,11695,12478,-783,4400,3025,3025,4270,5053,10427,11678,-1251,4467,2699,2699,3261,4512,9628,10574,-946,4033,2331,2331,3264,4210,7878,9002,-1124,3227,1855,1855,2796,3920
"전라남도","20 - 24세",19016,23624,-4608,5790,4087,4087,9139,13747,19413,24194,-4781,5726,4285,4285,9402,14183,20099,26053,-5954,5933,4647,4647,9519,15473,20993,28025,-7032,6607,5093,5093,9293,16325,19793,26031,-6238,6489,4140,4140,9164,15402,16903,21894,-4991,5325,3417,3417,8161,13152
"전라남도","25 - 29세",22158,24698,-2540,6285,4919,4919,10954,13494,23371,26573,-3202,6766,5113,5113,11492,14694,25450,28018,-2568,7277,5674,5674,12499,15067,26587,30549,-3962,8180,6380,6380,12027,15989,26679,29697,-3018,8804,6025,6025,11850,14868,24123,25891,-1768,7822,5264,5264,11037,12805
"전라남도","30 - 34세",21906,21974,-68,7818,5137,5137,8951,9019,19688,20693,-1005,6824,4826,4826,8038,9043,19398,20041,-643,6858,4616,4616,7924,8567,20357,21422,-1065,7258,5321,5321,7778,8843,19294,20019,-725,7338,4602,4602,7354,8079,17130,17430,-300,6756,3710,3710,6664,6964
"전라남도","35 - 39세",20950,20472,478,7861,5030,5030,8059,7581,20570,20927,-357,7725,5005,5005,7840,8197,19826,20115,-289,7580,4780,4780,7466,7755,21565,21674,-109,8210,5903,5903,7452,7561,18221,18222,-1,7327,4480,4480,6414,6415,14715,14296,419,6110,3208,3208,5397,4978
"전라남도","40 - 44세",18232,17549,683,7099,4312,4312,6821,6138,17415,17079,336,6706,4347,4347,6362,6026,16617,16473,144,6457,4219,4219,5941,5797,18593,18527,66,7496,5020,5020,6077,6011,16910,16445,465,7082,3949,3949,5879,5414,14303,13827,476,6073,3186,3186,5044,4568
"전라남도","45 - 49세",18529,17462,1067,7283,4368,4368,6878,5811,17947,17359,588,7082,4242,4242,6623,6035,18116,17490,626,7234,4345,4345,6537,5911,19467,18898,569,7992,4936,4936,6539,5970,16908,16055,853,6936,3978,3978,5994,5141,14050,13102,948,5905,3053,3053,5092,4144
"전라남도","50 - 54세",16431,15225,1206,6312,3862,3862,6257,5051,16820,15618,1202,6309,3908,3908,6603,5401,17565,16657,908,6864,4259,4259,6442,5534,19151,17873,1278,7479,4738,4738,6934,5656,18251,16674,1577,7616,3940,3940,6695,5118,15711,14172,1539,6449,3347,3347,5915,4376
"전라남도","55 - 59세",15526,14100,1426,5605,3495,3495,6426,5000,16415,15150,1265,5937,3745,3745,6733,5468,15981,14813,1168,5869,3789,3789,6323,5155,17095,15858,1237,6502,4078,4078,6515,5278,16634,14749,1885,6350,3624,3624,6660,4775,14350,12482,1868,5483,3005,3005,5862,3994
"전라남도","60 - 64세",10228,9186,1042,3688,2041,2041,4499,3457,11289,10291,998,4018,2320,2320,4951,3953,12020,11002,1018,4307,2519,2519,5194,4176,13916,12687,1229,5125,3023,3023,5768,4539,14318,12588,1730,5322,2794,2794,6202,4472,13114,11134,1980,4872,2433,2433,5809,3829
"전라남도","65 - 69세",6438,5839,599,2402,1184,1184,2852,2253,6633,6205,428,2416,1288,1288,2929,2501,6641,6170,471,2465,1299,1299,2877,2406,7537,6846,691,2938,1489,1489,3110,2419,7671,6794,877,2930,1429,1429,3312,2435,7085,6062,1023,2708,1195,1195,3182,2159
"전라남도","70 - 74세",4147,3976,171,1594,778,778,1775,1604,4293,4185,108,1631,800,800,1862,1754,4464,4266,198,1719,853,853,1892,1694,4795,4465,330,2004,851,851,1940,1610,4690,4345,345,1951,801,801,1938,1593,4158,3695,463,1621,682,682,1855,1392
"전라남도","75 - 79세",3593,3703,-110,1347,656,656,1590,1700,3573,3884,-311,1334,724,724,1515,1826,3398,3656,-258,1266,661,661,1471,1729,3435,3520,-85,1461,653,653,1321,1406,3055,3106,-51,1278,529,529,1248,1299,2536,2492,44,1076,402,402,1058,1014
"전라남도","80세이상",4827,5675,-848,1799,988,988,2040,2888,4982,6159,-1177,1894,1048,1048,2040,3217,5118,6233,-1115,1906,1053,1053,2159,3274,5406,6206,-800,2197,1086,1086,2123,2923,5279,6035,-756,2236,989,989,2054,2810,4587,5148,-561,1901,839,839,1847,2408
"경상북도","계",311061,316642,-5581,140628,52607,52607,117826,123407,309446,318671,-9225,138178,53977,53977,117291,126516,306511,311082,-4571,131914,53785,53785,120812,125383,317701,334679,-16978,138869,57609,57609,121223,138201,317866,314529,3337,131535,55875,55875,130456,127119,263156,270822,-7666,104875,48269,48269,110012,117678
"경상북도","0 - 4세",17696,18877,-1181,9827,2947,2947,4922,6103,15881,17356,-1475,8740,2787,2787,4354,5829,14463,15191,-728,7754,2384,2384,4325,5053,13235,14176,-941,6987,2417,2417,3831,4772,11657,12032,-375,6208,1938,1938,3511,3886,7964,8903,-939,4033,1476,1476,2455,3394
"경상북도","5 - 9세",15130,15658,-528,9431,2225,2225,3474,4002,14530,15237,-707,8865,2280,2280,3385,4092,13766,14158,-392,8434,2038,2038,3294,3686,13442,14084,-642,8056,2022,2022,3364,4006,13124,13355,-231,7981,1875,1875,3268,3499,9767,10743,-976,5899,1385,1385,2483,3459
"경상북도","10 - 14세",10287,10555,-268,6174,1692,1692,2421,2689,10233,10416,-183,5938,1738,1738,2557,2740,9981,10110,-129,5650,1664,1664,2667,2796,9851,10032,-181,5539,1688,1688,2624,2805,9797,9798,-1,5634,1585,1585,2578,2579,7826,8241,-415,4258,1322,1322,2246,2661
"경상북도","15 - 19세",15036,15276,-240,7012,2523,2523,5501,5741,14012,14400,-388,6274,2481,2481,5257,5645,14134,14266,-132,5586,2664,2664,5884,6016,13109,13936,-827,5551,2408,2408,5150,5977,13340,13329,11,5070,2575,2575,5695,5684,11363,12720,-1357,3775,2408,2408,5180,6537
"경상북도","20 - 24세",27214,31669,-4455,9096,4863,4863,13255,17710,27061,31882,-4821,8862,5023,5023,13176,17997,27798,33298,-5500,8526,5131,5131,14141,19641,28755,37936,-9181,9062,5643,5643,14050,23231,31124,36430,-5306,8409,5783,5783,16932,22238,27553,34177,-6624,7070,5523,5523,14960,21584
"경상북도","25 - 29세",34101,38089,-3988,11905,6065,6065,16131,20119,35478,40239,-4761,12247,6414,6414,16817,21578,36914,41336,-4422,12314,6855,6855,17745,22167,38972,45453,-6481,13659,7624,7624,17689,24170,40927,43423,-2496,13243,7647,7647,20037,22533,35426,38705,-3279,11458,6772,6772,17196,20475
"경상북도","30 - 34세",33734,35334,-1600,15080,5978,5978,12676,14276,31251,33438,-2187,13764,5720,5720,11767,13954,30528,32001,-1473,12984,5678,5678,11866,13339,31108,33586,-2478,13344,5998,5998,11766,14244,30853,31408,-555,12491,5670,5670,12692,13247,25773,26933,-1160,10205,4764,4764,10804,11964
"경상북도","35 - 39세",30612,31188,-576,14899,5298,5298,10415,10991,29838,30894,-1056,14225,5454,5454,10159,11215,29197,29204,-7,13585,5174,5174,10438,10445,28672,30048,-1376,13340,5341,5341,9991,11367,26689,26559,130,12128,4845,4845,9716,9586,20081,20801,-720,8722,3749,3749,7610,8330
"경상북도","40 - 44세",23704,23592,112,11628,4180,4180,7896,7784,22820,22831,-11,11051,4068,4068,7701,7712,21968,21832,136,10416,3849,3849,7703,7567,23566,24036,-470,11220,4289,4289,8057,8527,22992,22323,669,10585,4134,4134,8273,7604,18911,19211,-300,8492,3376,3376,7043,7343
"경상북도","45 - 49세",23808,22730,1078,11396,4005,4005,8407,7329,23538,22562,976,11065,4150,4150,8323,7347,22978,21911,1067,10819,3925,3925,8234,7167,23634,23461,173,11253,4302,4302,8079,7906,22258,20785,1473,10047,4022,4022,8189,6716,17475,16858,617,7604,3288,3288,6583,5966
"경상북도","50 - 54세",21195,19580,1615,9452,3678,3678,8065,6450,21841,20262,1579,9860,3869,3869,8112,6533,21960,20091,1869,9679,3981,3981,8300,6431,23576,22733,843,10992,4260,4260,8324,7481,23422,21189,2233,10153,4296,4296,8973,6740,19456,18128,1328,8469,3619,3619,7368,6040
"경상북도","55 - 59세",20554,18372,2182,8766,3324,3324,8464,6282,21909,20095,1814,9706,3598,3598,8605,6791,20783,18629,2154,8615,3745,3745,8423,6269,22187,20565,1622,9570,4030,4030,8587,6965,21736,18814,2922,8855,3792,3792,9089,6167,18209,16020,2189,7266,3364,3364,7579,5390
"경상북도","60 - 64세",14517,12901,1616,5887,2257,2257,6373,4757,15545,14088,1457,6399,2487,2487,6659,5202,16522,14672,1850,6629,2729,2729,7164,5314,19021,17308,1713,7733,3187,3187,8101,6388,20285,17584,2701,8008,3268,3268,9009,6308,17663,15345,2318,6718,3210,3210,7735,5417
"경상북도","65 - 69세",8265,7539,726,3418,1228,1228,3619,2893,9144,8410,734,3898,1341,1341,3905,3171,9080,8220,860,3849,1328,1328,3903,3043,10542,9772,770,4490,1600,1600,4452,3682,11549,10211,1338,4808,1709,1709,5032,3694,10450,9116,1334,4211,1629,1629,4610,3276
"경상북도","70 - 74세",4945,4718,227,2167,718,718,2060,1833,5209,4964,245,2351,739,739,2119,1874,5351,4981,370,2321,753,753,2277,1907,6141,5780,361,2702,911,911,2528,2167,6496,5927,569,2876,875,875,2745,2176,5686,5195,491,2325,840,840,2521,2030
"경상북도","75 - 79세",4305,4230,75,1895,627,627,1783,1708,4615,4646,-31,2053,747,747,1815,1846,4394,4288,106,1896,694,694,1804,1698,4549,4419,130,2034,695,695,1820,1690,4320,4031,289,1890,610,610,1820,1531,3369,3310,59,1512,500,500,1357,1298
"경상북도","80세이상",5958,6334,-376,2595,999,999,2364,2740,6541,6951,-410,2880,1081,1081,2580,2990,6694,6894,-200,2857,1193,1193,2644,2844,7341,7354,-13,3337,1194,1194,2810,2823,7297,7331,-34,3149,1251,1251,2897,2931,6184,6416,-232,2858,1044,1044,2282,2514
"경상남도","계",413179,409200,3979,200391,75484,75484,137304,133325,389714,395524,-5810,193649,72348,72348,123717,129527,396251,405561,-9310,200493,74255,74255,121503,130813,403339,419997,-16658,204318,74992,74992,124029,140687,374782,388485,-13703,178975,72297,72297,123510,137213,323211,341758,-18547,151073,65196,65196,106942,125489
"경상남도","0 - 4세",25433,23840,1593,13662,4106,4106,7665,6072,21801,21541,260,12201,3576,3576,6024,5764,20934,20619,315,11902,3574,3574,5458,5143,17968,18400,-432,10550,2922,2922,4496,4928,14056,14325,-269,7784,2391,2391,3881,4150,10599,11181,-582,5844,1806,1806,2949,3531
"경상남도","5 - 9세",19925,19404,521,12084,2932,2932,4909,4388,18288,18417,-129,11427,2720,2720,4141,4270,18387,18478,-91,11603,2809,2809,3975,4066,18191,18562,-371,11467,2813,2813,3911,4282,15607,15824,-217,9485,2438,2438,3684,3901,12009,12802,-793,7256,1912,1912,2841,3634
"경상남도","10 - 14세",13901,13664,237,8294,2331,2331,3276,3039,13148,13327,-179,8002,2294,2294,2852,3031,13698,13909,-211,8704,2285,2285,2709,2920,13560,13716,-156,8545,2231,2231,2784,2940,12167,12334,-167,7273,2103,2103,2791,2958,10307,10746,-439,6061,1923,1923,2323,2762
"경상남도","15 - 19세",20309,21656,-1347,10635,3941,3941,5733,7080,18311,19747,-1436,9529,3454,3454,5328,6764,19223,21227,-2004,9663,4357,4357,5203,7207,18154,19594,-1440,9091,3955,3955,5108,6548,15451,17285,-1834,7016,3636,3636,4799,6633,13820,16690,-2870,5964,3410,3410,4446,7316
"경상남도","20 - 24세",32889,39244,-6355,13230,6480,6480,13179,19534,31747,38760,-7013,12879,6282,6282,12586,19599,33235,42156,-8921,13295,6888,6888,13052,21973,35039,45777,-10738,13947,7190,7190,13902,24640,34557,44819,-10262,12273,7790,7790,14494,24756,31041,42363,-11322,10303,7465,7465,13273,24595
"경상남도","25 - 29세",43185,46316,-3131,16739,8443,8443,18003,21134,43240,47204,-3964,17197,8382,8382,17661,21625,45295,49377,-4082,18257,8653,8653,18385,22467,47452,53134,-5682,19572,9416,9416,18464,24146,47044,52595,-5551,18753,9556,9556,18735,24286,42245,47558,-5313,16676,8753,8753,16816,22129
"경상남도","30 - 34세",47252,45896,1356,22057,8575,8575,16620,15264,41437,41577,-140,19876,7633,7633,13928,14068,40226,40279,-53,19358,7681,7681,13187,13240,40087,41601,-1514,19608,7521,7521,12958,14472,37684,39007,-1323,17669,7093,7093,12922,14245,33763,35110,-1347,15854,6376,6376,11533,12880
"경상남도","35 - 39세",42955,41266,1689,21148,7475,7475,14332,12643,40419,39884,535,20524,7342,7342,12553,12018,40401,39958,443,20940,7347,7347,12114,11671,38625,39500,-875,20307,7064,7064,11254,12129,32527,33018,-491,16199,6022,6022,10306,10797,26049,26894,-845,12838,4947,4947,8264,9109
"경상남도","40 - 44세",32639,32024,615,16857,5879,5879,9903,9288,29776,29668,108,15735,5443,5443,8598,8490,30213,29772,441,16164,5461,5461,8588,8147,31286,31375,-89,16707,5600,5600,8979,9068,28656,28630,26,14583,5280,5280,8793,8767,24809,25036,-227,12347,4749,4749,7713,7940
"경상남도","45 - 49세",32181,31039,1142,16922,5824,5824,9435,8293,30969,30141,828,16586,5727,5727,8656,7828,31128,30599,529,17399,5684,5684,8045,7516,31248,30817,431,17215,5595,5595,8438,8007,27212,26758,454,14199,5005,5005,8008,7554,22217,22057,160,11192,4430,4430,6595,6435
"경상남도","50 - 54세",27523,26001,1522,14228,5110,5110,8185,6663,26125,25180,945,13749,4964,4964,7412,6467,28473,27632,841,15785,5172,5172,7516,6675,29449,28966,483,16294,5264,5264,7891,7408,27683,26847,836,14557,5153,5153,7973,7137,24415,23667,748,12556,4796,4796,7063,6315
"경상남도","55 - 59세",26541,24399,2142,12785,5128,5128,8628,6486,25697,24240,1457,13086,4927,4927,7684,6227,25583,24328,1255,13490,4824,4824,7269,6014,26307,25399,908,13770,5014,5014,7523,6615,24122,22963,1159,12149,4576,4576,7397,6238,20777,19862,915,10268,4213,4213,6296,5381
"경상남도","60 - 64세",18684,16817,1867,8455,3596,3596,6633,4766,18940,17731,1209,9175,3750,3750,6015,4806,19802,18708,1094,9882,3768,3768,6152,5058,22428,21437,991,11119,4237,4237,7072,6081,23525,21896,1629,11041,4745,4745,7739,6110,20332,18866,1466,9454,4318,4318,6560,5094
"경상남도","65 - 69세",10706,9581,1125,4791,1970,1970,3945,2820,10603,9737,866,5027,1976,1976,3600,2734,10675,10093,582,5175,2022,2022,3478,2896,12885,12112,773,6341,2344,2344,4200,3427,13634,12543,1091,6397,2626,2626,4611,3520,12392,11457,935,5826,2528,2528,4038,3103
"경상남도","70 - 74세",6607,6074,533,3058,1145,1145,2404,1871,6574,6208,366,3060,1261,1261,2253,1887,6560,6190,370,3199,1197,1197,2164,1794,7588,6939,649,3667,1288,1288,2633,1984,7866,7137,729,3669,1381,1381,2816,2087,6998,6417,581,3271,1336,1336,2391,1810
"경상남도","75 - 79세",5426,5117,309,2468,1000,1000,1958,1649,5430,5033,397,2496,993,993,1941,1544,5175,5001,174,2456,959,959,1760,1586,5391,5043,348,2614,934,934,1843,1495,4940,4603,337,2318,859,859,1763,1426,4117,3870,247,1959,731,731,1427,1180
"경상남도","80세이상",7023,6862,161,2978,1549,1549,2496,2335,7209,7129,80,3100,1624,1624,2485,2405,7243,7235,8,3221,1574,1574,2448,2440,7681,7625,56,3504,1604,1604,2573,2517,8051,7901,150,3610,1643,1643,2798,2648,7321,7182,139,3404,1503,1503,2414,2275
"제주특별자치도","계",105027,91022,14005,53590,9685,9685,41752,27747,104202,95349,8853,55390,9623,9623,39189,30336,94966,92030,2936,50739,9069,9069,35158,32222,98114,94736,3378,52035,9363,9363,36716,33338,94979,91062,3917,48616,9261,9261,37102,33185,86865,83717,3148,43458,8459,8459,34948,31800
"제주특별자치도","0 - 4세",6242,5236,1006,3485,563,563,2194,1188,6015,5265,750,3545,543,543,1927,1177,4751,4347,404,2753,447,447,1551,1147,4520,4173,347,2706,384,384,1430,1083,4034,3612,422,2337,350,350,1347,925,3307,2899,408,1838,251,251,1218,810
"제주특별자치도","5 - 9세",6518,5464,1054,3754,501,501,2263,1209,6368,5577,791,3743,501,501,2124,1333,5662,5266,396,3444,441,441,1777,1381,5862,5011,851,3351,401,401,2110,1259,5754,4884,870,3088,455,455,2211,1341,5022,4496,526,2751,344,344,1927,1401
"제주특별자치도","10 - 14세",4352,3899,453,2646,408,408,1298,845,4260,4015,245,2657,358,358,1245,1000,3809,3794,15,2330,332,332,1147,1132,3819,3648,171,2282,311,311,1226,1055,3911,3658,253,2259,336,336,1316,1063,3736,3818,-82,2252,318,318,1166,1248
"제주특별자치도","15 - 19세",4562,4507,55,2635,379,379,1548,1493,4591,4532,59,2593,383,383,1615,1556,4020,4246,-226,2272,339,339,1409,1635,3929,4016,-87,2197,342,342,1390,1477,3383,3746,-363,1862,332,332,1189,1552,3136,3645,-509,1630,276,276,1230,1739
"제주특별자치도","20 - 24세",7893,7669,224,3377,729,729,3787,3563,7830,8015,-185,3556,787,787,3487,3672,7497,8363,-866,3369,770,770,3358,4224,7965,8907,-942,3523,814,814,3628,4570,7162,8533,-1371,3008,720,720,3434,4805,6817,8026,-1209,2673,716,716,3428,4637
"제주특별자치도","25 - 29세",9764,9010,754,4231,996,996,4537,3783,10300,9970,330,4809,1040,1040,4451,4121,10380,10543,-163,4943,1091,1091,4346,4509,11188,11424,-236,5459,1248,1248,4481,4717,11148,11248,-100,5198,1175,1175,4775,4875,10390,10691,-301,4832,1113,1113,4445,4746
"제주특별자치도","30 - 34세",10741,9114,1627,5319,1101,1101,4321,2694,10147,8984,1163,5233,990,990,3924,2761,8974,8453,521,4765,952,952,3257,2736,9333,8713,620,4926,972,972,3435,2815,9029,8353,676,4661,953,953,3415,2739,8420,7965,455,4370,919,919,3131,2676
"제주특별자치도","35 - 39세",11789,9618,2171,5820,1137,1137,4832,2661,11852,10085,1767,6075,1147,1147,4630,2863,10494,9543,951,5512,1066,1066,3916,2965,10447,9497,950,5431,1047,1047,3969,3019,9622,8587,1035,4831,992,992,3799,2764,8305,7268,1037,4042,794,794,3469,2432
"제주특별자치도","40 - 44세",10000,8306,1694,5117,908,908,3975,2281,9396,8370,1026,5001,845,845,3550,2524,8433,7929,504,4449,795,795,3189,2685,8694,8091,603,4580,823,823,3291,2688,8894,7984,910,4387,843,843,3664,2754,8384,7593,791,4048,786,786,3550,2759
"제주특별자치도","45 - 49세",9567,8021,1546,4927,919,919,3721,2175,9396,8445,951,5019,894,894,3483,2532,8452,7981,471,4532,834,834,3086,2615,8536,8076,460,4510,845,845,3181,2721,8027,7523,504,4153,807,807,3067,2563,6963,6443,520,3540,715,715,2708,2188
"제주특별자치도","50 - 54세",7513,6261,1252,3850,684,684,2979,1727,7515,6772,743,4041,718,718,2756,2013,7002,6553,449,3802,663,663,2537,2088,7553,7269,284,4132,755,755,2666,2382,7123,6748,375,3784,726,726,2613,2238,6726,6235,491,3370,683,683,2673,2182
"제주특별자치도","55 - 59세",6273,5179,1094,3123,529,529,2621,1527,6287,5802,485,3382,573,573,2332,1847,5810,5593,217,3191,487,487,2132,1915,5880,5716,164,3119,540,540,2221,2057,5794,5481,313,3063,568,568,2163,1850,5255,4748,507,2574,537,537,2144,1637
"제주특별자치도","60 - 64세",4078,3517,561,2079,329,329,1670,1109,4439,3964,475,2342,363,363,1734,1259,4205,4034,171,2237,339,339,1629,1458,4494,4409,85,2399,393,393,1702,1617,4864,4667,197,2542,440,440,1882,1685,4566,4202,364,2326,432,432,1808,1444
"제주특별자치도","65 - 69세",2207,1954,253,1178,175,175,854,601,2174,2069,105,1204,185,185,785,680,2148,2085,63,1160,188,188,800,737,2408,2342,66,1306,196,196,906,840,2612,2513,99,1367,223,223,1022,923,2530,2471,59,1343,239,239,948,889
"제주특별자치도","70 - 74세",1355,1191,164,735,102,102,518,354,1402,1312,90,783,108,108,511,421,1316,1250,66,763,97,97,456,390,1350,1316,34,785,93,93,472,438,1368,1329,39,746,117,117,505,466,1316,1224,92,697,127,127,492,400
"제주특별자치도","75 - 79세",923,857,66,497,91,91,335,269,858,841,17,501,50,50,307,290,846,856,-10,476,77,77,293,303,893,876,17,537,69,69,287,270,918,894,24,514,66,66,338,314,759,785,-26,423,78,78,258,284
"제주특별자치도","80세이상",1250,1219,31,817,134,134,299,268,1372,1331,41,906,138,138,328,287,1167,1194,-27,741,151,151,275,302,1243,1252,-9,792,130,130,321,330,1336,1302,34,816,158,158,362,328,1233,1208,25,749,131,131,353,328
