"시도별","경제활동별",2017,2017,2017,2018,2018,2018,2019,2019,2019,2020,2020,2020,2021,2021,2021
"시도별","경제활동별",명목,실질,실질기여도,명목,실질,실질기여도,명목,실질,실질기여도,명목,실질,실질기여도,명목,실질,실질기여도
"전국","지역내총생산(시장가격)",1840348850,1762932983,3.11,1902527946,1814075680,2.90,1927421209,1854370144,2.22,1944644393,1842426414,-0.64,2083794973,1922065762,4.32
"전국","순생산물세",156877309,147290121,0.24,162233722,149552574,0.13,162011901,150287055,0.04,168851812,152394229,0.12,184986227,158097793,0.32
"전국","총부가가치(기초가격)",1683471541,1615648186,2.87,1740294224,1664573177,2.77,1765409308,1704231543,2.18,1775792581,1690054650,-0.76,1898808746,1764039565,4.00
"전국","농업, 임업 및 어업",33981048,31958788,0.03,33219757,32088872,0.01,31991342,33304894,0.07,34089658,31318218,-0.10,38535237,33032148,0.10
"전국","광제조업",497941708,471164025,0.98,508586282,486333518,0.87,488182864,491611195,0.29,483518715,486282698,-0.27,532787639,520565042,1.75
"전국","　광업",2682663,2519435,0.00,2343043,2257220,-0.02,2148067,2057633,-0.01,1995156,2005188,0.00,2011320,2111985,0.01
"전국","　제조업",495259045,468645998,0.98,506243239,484080350,0.89,486034797,489555995,0.30,481523559,484281470,-0.27,530776319,518457320,1.75
"전국","　　음식료품 및 담배제조업",22241468,21256929,0.05,23494266,21803013,0.03,24614298,22676239,0.05,26019987,23265147,0.03,25990049,23742552,0.03
"전국","　　섬유 의복 및 가죽 제품 제조업",16105911,15277714,0.02,15895152,14491772,-0.05,15821374,13282075,-0.07,15114389,12437931,-0.05,13863243,12534472,0.01
"전국","　　목재종이인쇄 및 복제업",13833371,13778806,-0.04,15169692,13993400,0.01,14981871,13824580,-0.01,14545917,13721705,-0.01,15535451,13772960,0.00
"전국","　　석탄 및 석유 화학제품 제조업",91444692,89140585,0.14,89827168,90045383,0.05,88491290,88472745,-0.08,85221217,86566972,-0.10,104077513,90397383,0.19
"전국","　　비금속광물 및 금속제품 제조업",79736745,78484813,0.11,78923684,76860808,-0.09,78185467,75358482,-0.08,74930591,71673167,-0.20,92636049,72052908,0.02
"전국","　　전기 전자 및 정밀기기 제조업",165387520,145853297,0.44,177763358,161195398,0.95,154869559,170223304,0.52,159077046,177040200,0.32,179637685,200109463,1.07
"전국","　　기계 운송장비 및 기타 제품 제조업",106509338,104980799,0.25,105169919,104662826,-0.02,109070938,104116370,-0.03,106614412,99122891,-0.27,99036329,106913314,0.43
"전국","전기, 가스, 증기 및 공기 조절 공급업",29294838,34823268,0.18,23585504,34106058,-0.03,24517327,36292153,0.08,29830561,38239540,0.07,22532846,39488858,0.05
"전국","건설업",100683648,94379040,0.31,103017253,91963521,-0.14,105003804,89242007,-0.16,105956436,88096851,-0.07,107396653,86414411,-0.10
"전국","서비스업",1021570299,983230124,1.38,1071885428,1019793473,2.06,1115713971,1054254425,1.90,1122397211,1047210744,-0.39,1197556371,1087175472,2.20
"전국","　도매 및 소매업",135450028,131019336,0.19,137969777,133841446,0.16,139303043,138297178,0.24,134751956,136624114,-0.09,138508269,137974045,0.07
"전국","　운수 및 창고업",56472708,58244181,0.09,55863864,60310365,0.11,58433112,61432705,0.05,52923068,50727671,-0.53,64161570,54062127,0.18
"전국","　숙박 및 음식점업",41451425,38384127,-0.01,44012806,39943091,0.09,46945331,41448187,0.09,38313430,33987370,-0.44,39649666,34730725,0.04
"전국","　정보통신업",78727223,77689363,0.13,81749118,81194822,0.19,85305393,84962812,0.20,90637587,88541506,0.19,99604113,93029681,0.24
"전국","　금융 및 보험업",96824524,93550658,0.21,104120563,98796131,0.30,104293673,102449013,0.20,110877283,112142683,0.51,124357407,119755094,0.39
"전국","　부동산업",133170974,129316873,0.17,138200643,133452610,0.23,141418596,135361681,0.10,146425259,138651940,0.18,148141617,140297178,0.09
"전국","　사업서비스업",157644455,149546643,0.14,168807648,155968525,0.37,178195959,160724087,0.27,181291262,158790514,-0.11,193724282,164179875,0.32
"전국","　공공 행정, 국방 및 사회보장 행정",108280242,101437675,0.18,115604246,104630019,0.19,121758362,108229102,0.21,128906618,112099799,0.23,135976428,115574821,0.21
"전국","　교육 서비스업",87848909,84871347,0.10,90653377,86260307,0.08,94572182,87788122,0.08,93918567,86464055,-0.07,99677113,90890170,0.25
"전국","　보건업 및 사회복지 서비스업",75616159,72562892,0.25,81747419,77936601,0.30,90106180,85431581,0.41,92813402,86025314,0.03,99548677,91667941,0.31
"전국","　문화 및 기타서비스업",50083652,46719506,-0.06,53155967,47586601,0.05,55382140,48230175,0.04,51538779,43487587,-0.28,54207229,45413806,0.12
"서울특별시","지역내총생산(시장가격)",404079600,389584629,2.34,423742112,403605888,3.60,435927212,414092568,2.60,444544909,417638547,0.86,472040199,431678812,3.36
"서울특별시","순생산물세",34890756,32762686,0.43,37199058,34324997,0.41,36339428,33741615,-0.15,41928937,37799356,1.00,47051092,40172381,0.59
"서울특별시","총부가가치(기초가격)",369188844,356808619,1.91,386543054,369255882,3.19,399587784,380377317,2.75,402615972,379770753,-0.15,424989107,391384648,2.77
"서울특별시","농업, 임업 및 어업",379322,395667,0.00,399780,452836,0.01,368891,432413,0.00,388934,390334,-0.01,365950,440369,0.01
"서울특별시","광제조업",16105737,15373098,-0.19,16261429,15102708,-0.07,16312904,15219675,0.03,15318089,14181374,-0.26,15696002,14933432,0.18
"서울특별시","　광업",3215,2944,0.00,7875,7390,0.00,7088,6665,0.00,9141,9056,0.00,12820,17182,0.00
"서울특별시","　제조업",16102522,15370138,-0.19,16253554,15095113,-0.07,16305816,15212795,0.03,15308948,14172140,-0.26,15683182,14916563,0.18
"서울특별시","　　음식료품 및 담배제조업",385666,366542,0.00,398290,366341,0.00,423962,387726,0.01,460157,408566,0.01,480185,432692,0.01
"서울특별시","　　섬유 의복 및 가죽 제품 제조업",6505866,6198666,-0.03,6455899,5759860,-0.11,6426723,5225461,-0.14,5688189,4531006,-0.20,5402301,4761593,0.07
"서울특별시","　　목재종이인쇄 및 복제업",1914359,1864394,-0.01,1931864,1795352,-0.02,2128303,2033352,0.06,1912015,1880256,-0.04,1908907,1745032,-0.03
"서울특별시","　　석탄 및 석유 화학제품 제조업",821448,825962,-0.01,864445,888789,0.02,1027820,1045357,0.04,1246364,1215356,0.04,1309859,1126080,-0.02
"서울특별시","　　비금속광물 및 금속제품 제조업",908302,899425,-0.01,860241,855692,-0.01,888350,857411,0.00,778532,741461,-0.03,895237,755189,0.00
"서울특별시","　　전기 전자 및 정밀기기 제조업",3599929,3204587,-0.06,3664559,3351248,0.04,3342068,3685702,0.09,3260142,3633871,-0.01,3607658,4027557,0.08
"서울특별시","　　기계 운송장비 및 기타 제품 제조업",1966952,1989268,-0.06,2078256,2050408,0.01,2068590,1978005,-0.02,1963549,1859549,-0.03,2079035,2190005,0.08
"서울특별시","전기, 가스, 증기 및 공기 조절 공급업",1606280,1912500,0.02,1263509,1994744,0.02,1306325,2315887,0.05,1915330,2790705,0.06,1548345,2887553,0.01
"서울특별시","건설업",12555732,11807884,0.13,13556880,12142426,0.09,13930797,11873481,-0.07,14103472,11757747,-0.03,13328297,10758261,-0.27
"서울특별시","서비스업",338541773,327361401,1.95,355061456,339625359,3.14,367668867,350750750,2.74,370890147,351112823,0.09,394050513,363024617,2.83
"서울특별시","　도매 및 소매업",60466240,58491556,0.23,61511855,59678918,0.30,62776682,62346453,0.65,61174517,62066529,-0.06,62468292,62276057,0.05
"서울특별시","　운수 및 창고업",10101222,10171331,-0.03,10061317,10567762,0.10,10476525,10512757,-0.01,9234379,8762723,-0.40,11208580,9896426,0.27
"서울특별시","　숙박 및 음식점업",11221553,10414503,-0.05,11803607,10722003,0.08,12771196,11310928,0.15,9657555,8596609,-0.70,9755973,8577385,0.00
"서울특별시","　정보통신업",47150058,46541983,0.52,49060800,48522480,0.50,51371809,50397481,0.45,54206487,51729807,0.31,60261592,54583710,0.67
"서울특별시","　금융 및 보험업",44388773,43010907,0.42,48226132,45858172,0.73,49469855,48771831,0.72,54859865,55538322,1.57,62755043,60068929,1.01
"서울특별시","　부동산업",43279230,42103177,0.43,45513460,44051898,0.50,45697133,43831247,-0.05,47000881,44472498,0.15,46172600,44239308,-0.06
"서울특별시","　사업서비스업",57958913,55722970,0.43,61750255,57733583,0.52,64416070,58823886,0.28,65511516,58211492,-0.15,68408201,59009955,0.20
"서울특별시","　공공 행정, 국방 및 사회보장 행정",15792926,14678787,-0.10,16478638,14767970,0.02,16732210,14712135,-0.01,16985837,14541889,-0.04,17567088,14802383,0.07
"서울특별시","　교육 서비스업",18690392,18139494,0.01,19051609,18211759,0.02,19945827,18588378,0.09,19423554,17915943,-0.17,20329970,18626104,0.17
"서울특별시","　보건업 및 사회복지 서비스업",17332817,16612416,0.13,18905734,17922773,0.34,20870510,19679859,0.44,21550670,19763897,0.02,23092177,21092132,0.33
"서울특별시","　문화 및 기타서비스업",12159649,11531462,-0.04,12698049,11676982,0.04,13141050,11863086,0.05,11284886,10126944,-0.44,12030997,10631863,0.13
"부산광역시","지역내총생산(시장가격)",87835601,85441974,1.58,89979896,86889875,1.69,93012134,89105372,2.55,91286486,85962709,-3.53,97805911,87629325,1.94
"부산광역시","순생산물세",6807300,6388458,0.21,6815267,6284848,-0.13,6927805,6428341,0.17,7178861,6466985,0.04,7587664,6473259,0.01
"부산광역시","총부가가치(기초가격)",81028301,79052308,1.37,83164629,80612184,1.82,86084329,82685227,2.38,84107625,79494304,-3.57,90218247,81160478,1.93
"부산광역시","농업, 임업 및 어업",512103,508683,0.00,422997,441594,-0.08,357755,391577,-0.05,437330,414677,0.02,440666,483472,0.08
"부산광역시","광제조업",14750926,14342297,-0.36,14624398,14198014,-0.17,15168905,14668393,0.54,14639950,13914755,-0.84,15044118,14084007,0.20
"부산광역시","　광업",25545,23579,0.01,12329,11632,-0.01,5753,5444,-0.01,8900,8930,0.00,9382,9668,0.00
"부산광역시","　제조업",14725381,14318723,-0.37,14612069,14187013,-0.15,15163152,14663793,0.55,14631050,13906542,-0.84,15034736,14075097,0.19
"부산광역시","　　음식료품 및 담배제조업",663268,630448,0.00,754403,695093,0.08,768233,703753,0.01,772776,687302,-0.02,826691,744923,0.07
"부산광역시","　　섬유 의복 및 가죽 제품 제조업",1164655,1065739,0.04,1121311,1006367,-0.07,1101662,932393,-0.09,1011872,843886,-0.11,890717,849974,0.01
"부산광역시","　　목재종이인쇄 및 복제업",344294,354492,-0.04,341437,325682,-0.03,345701,332794,0.01,349305,341461,0.01,384673,340756,0.00
"부산광역시","　　석탄 및 석유 화학제품 제조업",1584607,1611171,0.04,1447449,1499271,-0.13,1538273,1534157,0.04,1500914,1458249,-0.08,1658469,1540884,0.09
"부산광역시","　　비금속광물 및 금속제품 제조업",3900517,3788800,-0.23,3799514,3660002,-0.15,3911106,3723131,0.07,3785138,3571512,-0.17,4508857,3385039,-0.22
"부산광역시","　　전기 전자 및 정밀기기 제조업",1755284,1635502,-0.19,2029764,1925699,0.35,2338134,2498676,0.67,2380723,2534845,0.04,2390278,2581201,0.05
"부산광역시","　　기계 운송장비 및 기타 제품 제조업",5312756,5217549,0.02,5118191,5041367,-0.20,5160043,4897042,-0.16,4830322,4452927,-0.50,4375051,4614261,0.19
"부산광역시","전기, 가스, 증기 및 공기 조절 공급업",1359143,1622172,-0.29,1265671,1730861,0.10,1229361,1675381,-0.05,1771123,2220222,0.43,1415203,2195171,-0.02
"부산광역시","건설업",5141862,4819775,0.26,5453526,4868200,0.06,5698013,4838008,-0.04,5256066,4364889,-0.60,5277252,4242229,-0.16
"부산광역시","서비스업",59264267,57790991,1.76,61398037,59421498,1.90,63630295,61140788,1.97,62003156,58828516,-2.59,68041008,60422431,1.84
"부산광역시","　도매 및 소매업",8281376,8008542,0.12,8235860,7987435,-0.02,8285204,8223136,0.27,7598804,7702164,-0.56,7872515,7839840,0.15
"부산광역시","　운수 및 창고업",5600842,6356140,0.27,5560828,6706829,0.35,5844889,6916517,0.19,5217862,5757927,-1.05,8984856,6189018,0.43
"부산광역시","　숙박 및 음식점업",2746094,2545757,-0.04,2894167,2624935,0.10,3080347,2718400,0.11,2362527,2094331,-0.76,2434985,2129301,0.04
"부산광역시","　정보통신업",1837631,1840524,-0.04,1867771,1931360,0.10,1904423,2048350,0.13,1993034,2195802,0.15,1968484,2219379,0.02
"부산광역시","　금융 및 보험업",5695872,5453541,0.26,6079960,5704706,0.30,5871290,5668837,-0.04,5986660,5942627,0.30,6512902,6158150,0.24
"부산광역시","　부동산업",8414095,8173532,0.32,8658170,8364676,0.22,8851151,8475929,0.13,9079601,8591179,0.13,9008520,8536990,-0.06
"부산광역시","　사업서비스업",7052139,6771559,0.15,7525967,7001104,0.27,8159650,7349748,0.42,7975919,6946125,-0.48,8200973,6865400,-0.10
"부산광역시","　공공 행정, 국방 및 사회보장 행정",5260816,4893194,0.12,5513521,4942527,0.06,5764067,5068549,0.16,6011119,5149691,0.10,6341576,5342805,0.25
"부산광역시","　교육 서비스업",5464366,5277644,0.10,5592170,5319900,0.05,5731248,5323282,0.00,5641761,5200652,-0.14,6005543,5487035,0.34
"부산광역시","　보건업 및 사회복지 서비스업",6093683,5844793,0.57,6521621,6230342,0.46,7064218,6711095,0.56,7309261,6792180,0.09,7810631,7210298,0.49
"부산광역시","　문화 및 기타서비스업",2817353,2641459,-0.06,2948002,2652591,0.01,3073808,2692473,0.05,2826608,2400098,-0.36,2900023,2433550,0.04
"대구광역시","지역내총생산(시장가격)",54832958,52721214,1.73,56714479,53964991,2.36,58094694,54762237,1.48,57725389,53668577,-2.00,60987154,56017462,4.38
"대구광역시","순생산물세",4055805,3802070,0.11,4109187,3791220,-0.02,4204454,3902862,0.21,4368222,3929434,0.05,4732851,4032532,0.20
"대구광역시","총부가가치(기초가격)",50777153,48919189,1.62,52605292,50176603,2.38,53890240,50860367,1.26,53357167,49738369,-2.05,56254303,51986619,4.18
"대구광역시","농업, 임업 및 어업",173146,154490,0.01,150958,131637,-0.05,135708,127377,-0.01,130351,108574,-0.03,139680,107249,0.00
"대구광역시","광제조업",11283305,10987018,0.72,11699407,11423428,0.82,11233668,10826910,-1.08,10429947,9916032,-1.63,11338457,10866777,1.73
"대구광역시","　광업",2259,2084,0.00,1831,1730,0.00,1402,1328,0.00,1884,1894,0.00,1208,1248,0.00
"대구광역시","　제조업",11281046,10984937,0.72,11697576,11421725,0.82,11232266,10825618,-1.08,10428063,9914159,-1.63,11337249,10865507,1.73
"대구광역시","　　음식료품 및 담배제조업",426964,403212,-0.01,484862,446433,0.08,463084,423821,-0.04,466606,414557,-0.02,465258,420340,0.01
"대구광역시","　　섬유 의복 및 가죽 제품 제조업",1350659,1308184,0.21,1305572,1233961,-0.14,1251894,1086852,-0.27,1128502,958479,-0.25,1072966,978047,0.04
"대구광역시","　　목재종이인쇄 및 복제업",605828,589902,-0.06,672862,608724,0.04,632032,570867,-0.07,608461,564509,-0.01,652148,578740,0.03
"대구광역시","　　석탄 및 석유 화학제품 제조업",1020807,1060181,-0.06,1065693,1124881,0.11,1088049,1081321,-0.07,1031470,986765,-0.16,991480,973810,-0.02
"대구광역시","　　비금속광물 및 금속제품 제조업",2735965,2673364,-0.04,2822392,2772504,0.19,2825409,2700852,-0.13,2623112,2473805,-0.41,3146417,2504909,0.06
"대구광역시","　　전기 전자 및 정밀기기 제조업",1754253,1621007,0.07,1955418,1846763,0.45,1598645,1744176,-0.19,1583371,1726233,-0.03,1937255,2147988,0.67
"대구광역시","　　기계 운송장비 및 기타 제품 제조업",3386570,3315788,0.62,3390777,3366727,0.09,3373153,3202280,-0.29,2986541,2792583,-0.74,3071725,3306380,0.95
"대구광역시","전기, 가스, 증기 및 공기 조절 공급업",316605,394464,0.04,268493,377427,-0.02,276247,384650,0.01,410490,542293,0.19,324898,512736,-0.04
"대구광역시","건설업",2721030,2552943,-0.87,2639129,2358042,-0.38,2951111,2507401,0.29,3578772,2972764,0.94,4093837,3295073,0.67
"대구광역시","서비스업",36283067,34829479,1.72,37847305,35889264,2.01,39293506,36989604,2.05,38807607,36156838,-1.52,40357431,37133028,1.82
"대구광역시","　도매 및 소매업",4785116,4629606,0.13,4848889,4704544,0.14,4767533,4732774,0.05,4419546,4479377,-0.44,4546609,4527016,0.08
"대구광역시","　운수 및 창고업",1821747,1830733,0.28,1841768,1913699,0.15,1948146,1936544,0.04,1654988,1520937,-0.72,1703263,1630385,0.21
"대구광역시","　숙박 및 음식점업",1513553,1397903,-0.01,1593338,1438292,0.08,1710058,1496015,0.11,1480255,1295441,-0.39,1477570,1277317,-0.04
"대구광역시","　정보통신업",1242571,1242460,-0.06,1289895,1329460,0.16,1318071,1409697,0.14,1405098,1532874,0.20,1409398,1566421,0.05
"대구광역시","　금융 및 보험업",3663141,3501346,0.23,3871597,3630932,0.25,3829914,3698801,0.13,3835953,3817865,0.21,4159426,3961645,0.25
"대구광역시","　부동산업",5652056,5482463,0.12,5830179,5621243,0.26,6018456,5752256,0.24,6222331,5895277,0.26,6140765,5808199,-0.16
"대구광역시","　사업서비스업",3820581,3671607,0.11,4100617,3841252,0.32,4307630,3941865,0.19,4182625,3717422,-0.42,4438754,3808496,0.18
"대구광역시","　공공 행정, 국방 및 사회보장 행정",4043102,3747399,0.25,4247131,3793424,0.09,4444601,3894097,0.20,4736969,4034911,0.28,4787260,4017184,-0.04
"대구광역시","　교육 서비스업",4151584,4010324,0.26,4232157,4026683,0.03,4429615,4113701,0.16,4384452,4039496,-0.14,4690714,4283792,0.46
"대구광역시","　보건업 및 사회복지 서비스업",3641190,3492833,0.55,3985470,3797153,0.58,4404894,4174904,0.70,4454674,4118129,-0.10,4934090,4538171,0.79
"대구광역시","　문화 및 기타서비스업",1948426,1824413,-0.14,2006264,1800300,-0.05,2114588,1846228,0.09,2030716,1718977,-0.25,2069582,1734111,0.03
"인천광역시","지역내총생산(시장가격)",88547364,85791563,4.30,88735401,86426825,0.74,90040500,87963593,1.78,89615465,84907539,-3.47,98670502,90325899,6.38
"인천광역시","순생산물세",8749650,8226001,0.66,8527276,7855623,-0.44,8459221,7842827,-0.02,8346631,7556792,-0.34,9666989,8285820,0.90
"인천광역시","총부가가치(기초가격)",79797714,77565232,3.64,80208125,78585491,1.19,81581279,80144997,1.79,81268834,77374944,-3.13,89003513,82053087,5.48
"인천광역시","농업, 임업 및 어업",256319,254031,0.01,249852,257548,0.00,257196,283805,0.03,280832,270021,-0.01,291019,279966,0.01
"인천광역시","광제조업",22489028,21641905,1.24,21959540,21289440,-0.41,20838186,20608519,-0.79,21270111,21047640,0.49,23690324,22912156,2.10
"인천광역시","　광업",143201,132229,-0.02,92500,87454,-0.05,58076,55076,-0.04,92211,92714,0.04,76285,78884,-0.02
"인천광역시","　제조업",22345827,21509944,1.26,21867040,21204060,-0.36,20780110,20556208,-0.75,21177900,20956180,0.45,23614039,22834288,2.12
"인천광역시","　　음식료품 및 담배제조업",1076236,1027267,0.03,1003809,922869,-0.12,1087339,994165,0.09,1096667,973613,-0.02,1202289,1076305,0.13
"인천광역시","　　섬유 의복 및 가죽 제품 제조업",301884,275125,0.02,300401,265668,-0.01,276795,227860,-0.05,297580,240422,0.02,240955,218437,-0.03
"인천광역시","　　목재종이인쇄 및 복제업",915986,1014870,-0.01,935665,937688,-0.08,908478,915876,-0.02,919687,926942,0.01,1099991,965946,0.04
"인천광역시","　　석탄 및 석유 화학제품 제조업",3858038,3763638,0.27,3784289,3844551,0.09,3632402,3602227,-0.27,3996662,4096810,0.55,4420521,4281783,0.20
"인천광역시","　　비금속광물 및 금속제품 제조업",4562753,4454959,0.15,4428432,4279382,-0.20,4194028,4005874,-0.32,4066470,3852939,-0.18,5307807,4041137,0.22
"인천광역시","　　전기 전자 및 정밀기기 제조업",5116539,4585672,0.13,5127712,4714940,0.16,4595014,5004246,0.35,4804057,5274027,0.28,5543691,6105437,0.85
"인천광역시","　　기계 운송장비 및 기타 제품 제조업",6514391,6372561,0.66,6286732,6200678,-0.20,6086054,5732955,-0.53,5996777,5557975,-0.21,5798785,6145971,0.71
"인천광역시","전기, 가스, 증기 및 공기 조절 공급업",3680463,4355448,0.21,2630507,3855800,-0.48,2658174,3984357,0.10,2996791,3797453,-0.14,2250749,4130562,0.29
"인천광역시","건설업",5112396,4798296,0.26,4957361,4431636,-0.44,5173674,4403137,-0.04,6334624,5273314,1.14,7496598,6041804,1.03
"인천광역시","서비스업",48259508,46516903,1.92,50410865,48661765,2.51,52654049,50797753,2.49,50386476,46795044,-4.61,55274823,48497364,2.05
"인천광역시","　도매 및 소매업",5628727,5445295,0.33,5857715,5682850,0.28,6004242,5960389,0.32,5492274,5567023,-0.44,6030935,6005970,0.48
"인천광역시","　운수 및 창고업",8819317,8865015,0.63,8720238,9496747,0.71,8966128,10046410,0.57,6817912,5936947,-4.07,8865556,5767500,-0.22
"인천광역시","　숙박 및 음식점업",1970794,1822900,0.02,2134492,1935318,0.14,2253950,1985857,0.06,1740552,1540143,-0.56,1763436,1543067,0.00
"인천광역시","　정보통신업",1394422,1404350,0.00,1436318,1504870,0.11,1469995,1603998,0.11,1559197,1748755,0.15,1601943,1840555,0.09
"인천광역시","　금융 및 보험업",3348673,3219216,0.17,3583043,3379723,0.19,3531765,3445195,0.08,3563937,3594008,0.17,3859924,3729431,0.15
"인천광역시","　부동산업",6513879,6321262,0.19,6826892,6586697,0.31,7146829,6835949,0.29,7563694,7159811,0.38,7919501,7358405,0.23
"인천광역시","　사업서비스업",5454019,5167195,-0.12,5667786,5218360,0.06,6028601,5408221,0.23,6051282,5271318,-0.17,6656896,5609201,0.43
"인천광역시","　공공 행정, 국방 및 사회보장 행정",4859280,4526938,0.34,5215810,4688151,0.20,5617300,4956452,0.34,5953246,5127243,0.21,6333272,5351407,0.29
"인천광역시","　교육 서비스업",4057839,3913964,0.11,4197732,3987752,0.09,4386002,4063704,0.09,4410127,4053158,-0.01,4648059,4229692,0.21
"인천광역시","　보건업 및 사회복지 서비스업",3659712,3511334,0.34,4006407,3820168,0.36,4453330,4223262,0.48,4587566,4258619,0.04,4947160,4564224,0.37
"인천광역시","　문화 및 기타서비스업",2552846,2316656,-0.10,2764432,2374651,0.07,2795907,2320064,-0.07,2646689,2096082,-0.30,2648141,2092772,0.00
"광주광역시","지역내총생산(시장가격)",37743917,36384616,1.26,39805406,38216077,5.03,41519553,39624032,3.68,42068384,39530642,-0.24,43742580,41257137,4.37
"광주광역시","순생산물세",2256268,2118137,-1.14,2906942,2679770,1.59,2991996,2775426,0.26,3060684,2763621,-0.03,3182693,2721117,-0.11
"광주광역시","총부가가치(기초가격)",35487649,34269974,2.39,36898464,35526935,3.45,38527557,36839026,3.42,39007700,36757626,-0.21,40559887,38533331,4.48
"광주광역시","농업, 임업 및 어업",147616,142866,-0.01,142696,132131,-0.03,127376,126809,-0.01,103674,91713,-0.08,125415,102801,0.03
"광주광역시","광제조업",9740356,9489299,0.95,9863933,9762148,0.74,10068049,9960031,0.50,10417727,10138726,0.44,10744031,11036105,2.19
"광주광역시","　광업",7220,6665,0.00,7644,7231,0.00,6839,6491,0.00,4481,4510,-0.01,3638,3768,0.00
"광주광역시","　제조업",9733136,9482634,0.95,9856289,9754895,0.74,10061210,9953560,0.50,10413246,10134325,0.44,10740393,11032418,2.19
"광주광역시","　　음식료품 및 담배제조업",457128,434421,0.33,449458,421877,-0.03,476889,443379,0.06,634568,571824,0.33,547136,518545,-0.14
"광주광역시","　　섬유 의복 및 가죽 제품 제조업",144131,139332,0.05,140705,132795,-0.02,112658,97695,-0.09,108407,91994,-0.02,98153,89723,-0.01
"광주광역시","　　목재종이인쇄 및 복제업",147118,145671,-0.01,155979,144188,0.00,162499,151518,0.02,167663,159926,0.02,181814,161990,0.01
"광주광역시","　　석탄 및 석유 화학제품 제조업",1013036,1068245,0.12,966359,1033372,-0.09,1068733,1062255,0.07,1105633,1058478,-0.01,1143859,1161383,0.26
"광주광역시","　　비금속광물 및 금속제품 제조업",1103542,1075805,-0.05,1021995,995599,-0.22,1120981,1069185,0.19,1087338,1025363,-0.11,1436855,1116223,0.23
"광주광역시","　　전기 전자 및 정밀기기 제조업",2862512,2692215,0.13,2366248,2272500,-1.18,2367302,2614976,0.90,2948737,3230287,1.34,3537235,3959695,1.58
"광주광역시","　　기계 운송장비 및 기타 제품 제조업",4005669,3920343,0.36,4755545,4764492,2.29,4752148,4511951,-0.63,4360900,4070299,-1.12,3795341,4175556,0.27
"광주광역시","전기, 가스, 증기 및 공기 조절 공급업",304278,360499,0.08,287979,466452,0.24,302845,559019,0.14,400103,601919,0.06,364582,668946,0.11
"광주광역시","건설업",1588970,1492858,-0.07,1865873,1669442,0.50,1913260,1627794,-0.12,2187250,1819536,0.54,2298882,1852024,0.09
"광주광역시","서비스업",23706429,22784124,1.45,24737983,23510008,2.00,26116027,24610472,2.91,25898946,24158973,-1.15,27026977,24966967,2.06
"광주광역시","　도매 및 소매업",2688407,2601001,0.19,2705514,2624891,0.07,2708050,2688067,0.16,2619687,2654561,-0.08,2657802,2645702,-0.02
"광주광역시","　운수 및 창고업",1079548,1084500,0.30,1042144,1082161,-0.01,1133171,1103897,0.05,1010224,905151,-0.49,999127,942420,0.10
"광주광역시","　숙박 및 음식점업",956681,883306,0.00,1011881,914043,0.09,1091830,955344,0.11,834901,733103,-0.61,930740,807143,0.20
"광주광역시","　정보통신업",936352,931363,0.07,955626,976063,0.12,1092199,1152693,0.43,1136433,1220444,0.15,1222302,1346844,0.28
"광주광역시","　금융 및 보험업",2306133,2213839,0.11,2415161,2277518,0.18,2308565,2242581,-0.09,2402755,2394069,0.38,2610843,2489683,0.23
"광주광역시","　부동산업",3374151,3274606,0.15,3501074,3379301,0.29,3880673,3711869,0.87,3910847,3698359,-0.03,3887888,3735336,0.09
"광주광역시","　사업서비스업",2918565,2810160,-0.12,3083741,2896851,0.24,3247037,2983983,0.23,3216111,2901978,-0.21,3406532,2972923,0.19
"광주광역시","　공공 행정, 국방 및 사회보장 행정",2295116,2139132,0.13,2455281,2207111,0.19,2586362,2281350,0.21,2745538,2363209,0.22,2881110,2432922,0.19
"광주광역시","　교육 서비스업",2716314,2624218,0.18,2800763,2665214,0.11,2894517,2691116,0.07,2841687,2623491,-0.18,2990716,2737016,0.29
"광주광역시","　보건업 및 사회복지 서비스업",3075980,2952279,0.49,3332295,3202413,0.69,3637036,3474562,0.71,3700457,3456529,-0.05,3915708,3626849,0.43
"광주광역시","　문화 및 기타서비스업",1359182,1269596,-0.05,1434503,1283086,0.04,1536587,1336746,0.15,1480306,1245115,-0.25,1524209,1271468,0.07
"대전광역시","지역내총생산(시장가격)",40537224,38772485,0.82,41308348,39135729,0.94,43092218,40684092,3.96,44393136,41208249,1.29,46716590,42500095,3.13
"대전광역시","순생산물세",2744427,2576180,0.05,2754526,2540150,-0.09,2927667,2716620,0.46,3038213,2741574,0.06,3339692,2853870,0.28
"대전광역시","총부가가치(기초가격)",37792797,36196328,0.77,38553822,36596823,1.03,40164551,37966536,3.49,41354923,38465915,1.23,43376898,39644630,2.85
"대전광역시","농업, 임업 및 어업",37497,37521,0.00,34834,35306,-0.01,32358,35167,0.00,35210,34368,0.00,42516,38402,0.01
"대전광역시","광제조업",6714368,6475709,-0.34,6482721,6258808,-0.55,6537448,6520285,0.66,6703577,6609013,0.21,7017056,6936783,0.75
"대전광역시","　광업",1391,1275,0.00,1875,1761,0.00,1998,1878,0.00,3485,3463,0.00,1657,1670,0.00
"대전광역시","　제조업",6712977,6474445,-0.34,6480846,6257030,-0.56,6535450,6518389,0.66,6700092,6605435,0.20,7015399,6934977,0.75
"대전광역시","　　음식료품 및 담배제조업",1085331,1102479,0.14,1093293,1074142,-0.07,1104154,1064789,-0.02,1244244,1162021,0.23,1218886,1204561,0.10
"대전광역시","　　섬유 의복 및 가죽 제품 제조업",104920,99762,0.03,98259,90264,-0.02,90944,76896,-0.04,105661,87530,0.03,99946,90600,0.01
"대전광역시","　　목재종이인쇄 및 복제업",457919,441304,-0.19,491570,437905,-0.01,496787,437292,0.00,467565,423342,-0.04,496443,435544,0.03
"대전광역시","　　석탄 및 석유 화학제품 제조업",1420630,1413809,-0.35,1213967,1234861,-0.44,1227708,1214355,-0.05,1231112,1172697,-0.10,1265423,1132162,-0.10
"대전광역시","　　비금속광물 및 금속제품 제조업",669810,664365,-0.10,702713,701252,0.09,751663,728135,0.07,776965,742595,0.03,841724,699399,-0.10
"대전광역시","　　전기 전자 및 정밀기기 제조업",1679194,1479046,-0.05,1784211,1616642,0.39,1651167,1815532,0.53,1711632,1908751,0.20,1931182,2150420,0.49
"대전광역시","　　기계 운송장비 및 기타 제품 제조업",1295173,1270033,0.18,1096833,1076263,-0.49,1213027,1144147,0.17,1162913,1080129,-0.16,1161795,1212549,0.32
"대전광역시","전기, 가스, 증기 및 공기 조절 공급업",335863,399444,0.09,300879,480451,0.17,324109,585233,0.16,440916,656220,0.09,357882,638690,-0.03
"대전광역시","건설업",1541997,1449541,-0.11,1603466,1435544,-0.04,1867348,1591750,0.42,2086470,1739903,0.40,2339963,1889164,0.40
"대전광역시","서비스업",29163072,27837391,1.14,30131922,28402523,1.46,31403288,29281188,2.26,32088750,29492798,0.53,33619481,30194473,1.72
"대전광역시","　도매 및 소매업",2830843,2738974,0.16,2837146,2752741,0.04,2935205,2913690,0.40,2744843,2781448,-0.31,2845614,2832578,0.11
"대전광역시","　운수 및 창고업",1054890,1055947,0.16,995911,1027670,-0.07,1002889,976532,-0.12,903167,813926,-0.39,889438,849261,0.09
"대전광역시","　숙박 및 음식점업",1084678,1000036,-0.04,1136400,1027197,0.07,1198824,1049975,0.06,1034796,908267,-0.38,1113756,964739,0.14
"대전광역시","　정보통신업",1273158,1260049,0.01,1352536,1356191,0.24,1391386,1413203,0.14,1430309,1443173,0.07,1524560,1524714,0.18
"대전광역시","　금융 및 보험업",2165734,2089043,0.16,2235110,2118560,0.08,2193816,2151396,0.08,2252734,2276533,0.30,2460793,2380984,0.23
"대전광역시","　부동산업",3390534,3288682,0.11,3518359,3392552,0.26,3675397,3513758,0.30,3827415,3626756,0.27,3962566,3631174,0.01
"대전광역시","　사업서비스업",6847174,6436414,-0.25,7085560,6566971,0.34,7382607,6682590,0.30,8222845,7243298,1.44,8653246,7293883,0.13
"대전광역시","　공공 행정, 국방 및 사회보장 행정",3794931,3530496,0.30,3986510,3580764,0.13,4234602,3735056,0.42,4260936,3658060,-0.20,4405837,3720552,0.16
"대전광역시","　교육 서비스업",2842113,2744197,0.15,2916705,2773885,0.08,3019590,2804091,0.08,3002200,2767315,-0.09,3202029,2925443,0.39
"대전광역시","　보건업 및 사회복지 서비스업",2485583,2384432,0.41,2638362,2516123,0.34,2906426,2756856,0.61,2958180,2743052,-0.03,3089619,2848024,0.26
"대전광역시","　문화 및 기타서비스업",1393434,1310587,-0.03,1429323,1292557,-0.05,1462546,1285979,-0.02,1451325,1229400,-0.15,1472023,1234163,0.01
"울산광역시","지역내총생산(시장가격)",75750070,72968962,-0.69,73647537,71344390,-2.23,74654628,72024599,0.95,69363394,67136435,-6.79,77973813,69523278,3.56
"울산광역시","순생산물세",13770500,12905378,-0.18,13660967,12594921,-0.44,13566697,12584968,-0.01,12463287,11214409,-1.98,13949383,11888127,1.08
"울산광역시","총부가가치(기초가격)",61979570,60064484,-0.51,59986570,58751136,-1.79,61087931,59449417,0.97,56900107,55956501,-4.81,64024430,57645293,2.48
"울산광역시","농업, 임업 및 어업",161949,158628,0.00,141694,148260,-0.01,121371,136186,-0.02,130342,129266,-0.01,156516,146990,0.03
"울산광역시","광제조업",37917934,36420554,-1.87,36488708,35843060,-0.79,37571205,36875230,1.43,33271611,33731749,-4.29,39166537,35144111,2.01
"울산광역시","　광업",92757,95014,0.01,94536,101617,0.01,75153,77043,-0.03,51594,53927,-0.03,44529,50098,-0.01
"울산광역시","　제조업",37825177,36325471,-1.88,36394172,35741882,-0.80,37496052,36796264,1.46,33220017,33675356,-4.26,39122008,35091260,2.01
"울산광역시","　　음식료품 및 담배제조업",163973,155531,-0.06,193068,177525,0.03,198580,181521,0.01,194884,172952,-0.01,192052,172731,0.00
"울산광역시","　　섬유 의복 및 가죽 제품 제조업",163065,156810,0.01,134405,126781,-0.04,283448,246313,0.17,282349,240100,-0.01,243871,222720,-0.03
"울산광역시","　　목재종이인쇄 및 복제업",422397,417125,-0.06,499330,452532,0.05,451988,403412,-0.07,361503,329613,-0.11,422041,366081,0.06
"울산광역시","　　석탄 및 석유 화학제품 제조업",18617814,17514311,0.37,17743844,17297745,-0.30,16556234,16621877,-0.94,13309010,15035257,-2.12,19177162,15362894,0.42
"울산광역시","　　비금속광물 및 금속제품 제조업",4691658,4508409,-0.32,4601610,4300797,-0.29,4843475,4570699,0.39,4640470,4373046,-0.28,5923269,4080923,-0.45
"울산광역시","　　전기 전자 및 정밀기기 제조업",1375039,1364249,-0.18,1561711,1561276,0.26,1471555,1482054,-0.11,1627563,1589273,0.14,2144754,2186352,0.88
"울산광역시","　　기계 운송장비 및 기타 제품 제조업",12391231,12217119,-1.64,11660204,11834745,-0.51,13690772,13337428,2.01,12804238,11975794,-1.87,11018859,12710895,1.13
"울산광역시","전기, 가스, 증기 및 공기 조절 공급업",1718894,2024633,0.36,1186094,1627138,-0.45,1450283,1976375,0.35,1877876,2330972,0.35,1454863,2314509,-0.02
"울산광역시","건설업",3804206,3564908,1.07,3396278,3029518,-0.75,2711465,2303180,-1.11,2514584,2089984,-0.34,2320213,1865790,-0.39
"울산광역시","서비스업",18376587,17873475,-0.06,18773796,18034345,0.22,19233607,18258586,0.32,19105694,17888902,-0.52,20926301,18440677,0.85
"울산광역시","　도매 및 소매업",1841289,1780635,0.01,1811363,1756544,-0.03,1789541,1775259,0.03,1736767,1758632,-0.02,1689206,1680200,-0.11
"울산광역시","　운수 및 창고업",1545906,1753810,-0.07,1443934,1708326,-0.05,1536409,1777136,0.08,1554531,1691009,-0.10,2393739,1736887,0.06
"울산광역시","　숙박 및 음식점업",906264,836498,-0.01,946302,858065,0.03,974240,856966,0.00,797607,704293,-0.23,812236,708373,0.01
"울산광역시","　정보통신업",500035,501753,-0.04,478777,499138,0.00,496215,542454,0.06,522712,592338,0.06,530040,627010,0.04
"울산광역시","　금융 및 보험업",1535738,1473612,0.08,1570586,1480392,0.01,1495699,1453986,-0.04,1508621,1512915,0.08,1630779,1569288,0.08
"울산광역시","　부동산업",2645368,2568149,0.00,2592091,2501571,-0.09,2482795,2375210,-0.18,2537241,2404783,0.04,2682004,2435434,0.05
"울산광역시","　사업서비스업",3143194,2998893,-0.23,3397855,3138930,0.19,3507329,3134466,-0.01,3444761,2974335,-0.24,3764694,3126669,0.25
"울산광역시","　공공 행정, 국방 및 사회보장 행정",1512402,1426934,0.11,1604491,1462154,0.05,1741980,1558497,0.14,1852049,1629030,0.11,1976729,1688843,0.10
"울산광역시","　교육 서비스업",2200414,2126148,0.02,2270575,2160563,0.05,2339083,2166245,0.01,2228178,2043551,-0.18,2388421,2166029,0.19
"울산광역시","　보건업 및 사회복지 서비스업",1501034,1440391,0.13,1573910,1501304,0.08,1746176,1656806,0.22,1807728,1678608,0.03,1908002,1761065,0.13
"울산광역시","　문화 및 기타서비스업",1044943,961696,-0.06,1083912,950612,-0.02,1124140,954738,0.01,1115499,910613,-0.07,1150451,938405,0.05
"세종특별자치시","지역내총생산(시장가격)",10632043,10140164,4.22,11101861,10423610,2.80,11855276,11091040,6.40,12703589,11647981,5.02,13971642,12509390,7.40
"세종특별자치시","순생산물세",897251,841683,1.01,875800,808642,-0.33,882345,819720,0.11,921642,830994,0.10,991946,847109,0.14
"세종특별자치시","총부가가치(기초가격)",9734792,9297981,3.21,10226061,9615482,3.13,10972931,10272616,6.29,11781947,10818578,4.92,12979696,11664823,7.25
"세종특별자치시","농업, 임업 및 어업",252583,233362,0.26,193292,191458,-0.43,150961,162276,-0.27,149657,141132,-0.17,184699,153712,0.11
"세종특별자치시","광제조업",2323923,2267707,-0.53,2302225,2252771,-0.14,2355992,2405584,1.41,2688763,2724362,2.63,2955049,2991128,2.07
"세종특별자치시","　광업",21884,20208,-0.07,17406,16470,-0.04,15621,14826,-0.02,17815,17934,0.03,18146,18794,0.01
"세종특별자치시","　제조업",2302039,2247609,-0.46,2284819,2236617,-0.11,2340371,2391190,1.42,2670948,2706830,2.61,2936903,2972782,2.07
"세종특별자치시","　　음식료품 및 담배제조업",203098,193819,-0.08,169856,156040,-0.37,193164,176472,0.20,226525,200941,0.23,220763,197743,-0.03
"세종특별자치시","　　섬유 의복 및 가죽 제품 제조업",20373,19748,0.03,20523,19541,0.00,54930,52677,0.31,56954,54536,0.02,38941,47059,-0.06
"세종특별자치시","　　목재종이인쇄 및 복제업",222090,214778,-0.18,257248,229874,0.15,243654,215405,-0.15,229291,208622,-0.06,245840,217829,0.08
"세종특별자치시","　　석탄 및 석유 화학제품 제조업",645139,650784,0.23,580453,600684,-0.47,545623,552651,-0.42,695025,679359,1.06,836956,794933,0.93
"세종특별자치시","　　비금속광물 및 금속제품 제조업",371505,395601,0.22,342958,360568,-0.31,352378,364145,0.03,351896,361506,-0.02,384975,379645,0.14
"세종특별자치시","　　전기 전자 및 정밀기기 제조업",673760,608477,-0.67,727444,673256,0.67,771863,837492,1.60,944230,1032741,1.52,1050748,1153263,0.87
"세종특별자치시","　　기계 운송장비 및 기타 제품 제조업",166074,162902,-0.01,186337,186217,0.22,178759,168840,-0.16,167027,155041,-0.12,158680,171408,0.14
"세종특별자치시","전기, 가스, 증기 및 공기 조절 공급업",162774,193225,0.33,121754,175862,-0.14,103301,147443,-0.18,175736,224472,0.46,132575,232962,0.05
"세종특별자치시","건설업",1667883,1561125,-0.99,1633586,1456476,-1.05,1560574,1323239,-1.35,1317773,1092471,-2.30,1259137,1010786,-0.78
"세종특별자치시","서비스업",5327629,5040089,4.13,5975204,5531561,4.89,6802103,6217793,6.68,7450018,6682919,4.29,8448236,7343913,5.80
"세종특별자치시","　도매 및 소매업",190259,184038,0.36,212946,206544,0.22,241483,239576,0.31,259331,262575,0.20,272585,271097,0.07
"세종특별자치시","　운수 및 창고업",96494,97412,0.09,95965,100215,0.03,122051,121802,0.19,132071,118753,-0.03,121222,113922,-0.04
"세종특별자치시","　숙박 및 음식점업",124016,114020,0.13,152129,137819,0.24,162946,142859,0.05,153124,134396,-0.08,176422,153091,0.17
"세종특별자치시","　정보통신업",68718,65316,0.03,78357,73579,0.08,87363,82046,0.08,90962,83052,0.01,98801,88127,0.04
"세종특별자치시","　금융 및 보험업",345702,332620,0.59,403477,379949,0.46,435955,427228,0.45,456382,465719,0.33,528100,517193,0.40
"세종특별자치시","　부동산업",648492,630936,0.34,710113,687193,0.54,792030,759753,0.68,910266,863484,0.91,1090465,912792,0.41
"세종특별자치시","　사업서비스업",483093,454558,0.01,543469,501526,0.47,598119,538244,0.36,606706,528081,-0.10,686786,572147,0.40
"세종특별자치시","　공공 행정, 국방 및 사회보장 행정",2470165,2298940,1.62,2728134,2457113,1.60,3168814,2806228,3.49,3535741,3041529,2.24,3963036,3355081,2.87
"세종특별자치시","　교육 서비스업",589690,567657,0.59,665210,630755,0.62,737553,683780,0.50,794080,732431,0.44,873487,795687,0.54
"세종특별자치시","　보건업 및 사회복지 서비스업",183924,176781,0.16,224170,214141,0.37,273339,259483,0.43,316287,295898,0.32,412169,382855,0.73
"세종특별자치시","　문화 및 기타서비스업",127076,118774,0.22,161234,144561,0.26,182450,158885,0.14,195068,162918,0.04,225163,186204,0.22
"경기도","지역내총생산(시장가격)",451426420,426172886,6.59,479822189,451914662,6.04,477413452,462288338,2.30,491298336,470022670,1.67,529210829,498358681,6.03
"경기도","순생산물세",34120293,32060863,0.49,36229759,33397081,0.32,36393970,33760880,0.08,36611976,33140912,-0.14,39989291,34271149,0.25
"경기도","총부가가치(기초가격)",417306127,394112851,6.10,443592430,418521514,5.73,441019482,428540950,2.21,454686360,436951743,1.81,489221538,464215228,5.77
"경기도","농업, 임업 및 어업",3398309,3140614,-0.01,3156720,3198202,0.01,3026150,3318432,0.02,3212833,3100006,-0.04,3735556,3210592,0.02
"경기도","광제조업",160566359,148593550,3.42,171709568,161419863,3.07,158644832,164584087,0.70,165412268,171747507,1.45,180455003,187372522,3.06
"경기도","　광업",365757,337375,0.00,402071,380050,0.01,360446,341055,-0.01,297080,296562,-0.01,321708,329153,0.01
"경기도","　제조업",160200602,148256806,3.42,171307497,161040454,3.06,158284386,164243433,0.71,165115188,171457096,1.46,180133295,187049856,3.06
"경기도","　　음식료품 및 담배제조업",5144522,4876292,0.08,5569342,5132648,0.06,5869522,5377390,0.06,6238314,5548367,0.04,6251496,5663005,0.03
"경기도","　　섬유 의복 및 가죽 제품 제조업",3356207,3137563,0.01,3390388,3099113,-0.01,3346937,2842252,-0.06,3525438,2937350,0.02,3120842,2852780,-0.02
"경기도","　　목재종이인쇄 및 복제업",4968283,4910269,-0.01,5608142,5139076,0.05,5495045,5031546,-0.02,5499091,5156638,0.03,5806896,5156602,0.00
"경기도","　　석탄 및 석유 화학제품 제조업",17950133,18030109,0.12,18012599,18561391,0.12,18545403,18538182,0.00,19667101,19008518,0.10,21213085,19933925,0.19
"경기도","　　비금속광물 및 금속제품 제조업",17934259,17781251,0.24,17649903,17470865,-0.07,17341458,16793171,-0.14,16874551,16163525,-0.14,20192264,16471869,0.07
"경기도","　　전기 전자 및 정밀기기 제조업",81294442,70670680,1.91,91902128,82342512,2.97,78459163,87337819,1.16,82938590,94099558,1.27,95016369,107226109,2.35
"경기도","　　기계 운송장비 및 기타 제품 제조업",29552756,28917181,1.07,29174995,28633789,-0.06,29226858,27330312,-0.28,30372103,27911997,0.13,28532343,29878331,0.44
"경기도","전기, 가스, 증기 및 공기 조절 공급업",4546218,5381383,0.16,3746065,5531923,0.03,3985766,6070008,0.08,5206985,6994242,0.13,4215341,7400323,0.06
"경기도","건설업",28888353,27105751,0.87,30753016,27485211,0.09,31747690,27016066,-0.11,30710307,25566136,-0.36,32016858,25800603,0.06
"경기도","서비스업",219906888,209925441,1.67,234227061,220799798,2.52,243615044,227677158,1.52,250143967,230524783,0.64,268798780,242157561,2.57
"경기도","　도매 및 소매업",26690097,25816027,0.29,27612031,26784236,0.22,27507513,27305452,0.11,27756816,28137037,0.18,28863708,28746070,0.12
"경기도","　운수 및 창고업",11069970,10979414,0.09,11185516,11468419,0.11,11538384,11445464,0.00,11059009,10314079,-0.24,11568169,10924593,0.13
"경기도","　숙박 및 음식점업",8676814,7999415,0.03,9338691,8450195,0.11,9962692,8734605,0.07,8677142,7625458,-0.26,8704674,7571553,-0.01
"경기도","　정보통신업",16435144,16036307,0.07,17186408,16767769,0.17,17825050,17511717,0.16,19709048,18865134,0.29,22164479,19698829,0.18
"경기도","　금융 및 보험업",15289332,14824593,0.17,16434862,15666695,0.19,16003685,15843002,0.04,16636748,17043494,0.25,18531523,18189559,0.23
"경기도","　부동산업",32543377,31570069,0.15,34097763,32885232,0.30,35347281,33796894,0.20,37786852,35788052,0.44,39476279,36937794,0.25
"경기도","　사업서비스업",44425555,41304078,0.27,48895656,44411474,0.74,51179284,45505003,0.25,52911991,45684295,0.04,58493656,48892374,0.76
"경기도","　공공 행정, 국방 및 사회보장 행정",18646476,17370609,0.19,20233212,18196111,0.20,21295419,18802927,0.14,22789505,19621151,0.19,24408067,20637596,0.24
"경기도","　교육 서비스업",18298408,17677014,0.11,19087323,18160226,0.11,20016081,18556361,0.09,20083614,18452119,-0.02,21341729,19418304,0.21
"경기도","　보건업 및 사회복지 서비스업",16019706,15372537,0.37,17447080,16677497,0.30,19543340,18577532,0.41,20184580,18811273,0.05,22016783,20375731,0.34
"경기도","　문화 및 기타서비스업",11812009,10998757,-0.08,12708519,11321029,0.08,13396315,11580099,0.06,12548662,10439321,-0.28,13229713,10937287,0.12
"강원도","지역내총생산(시장가격)",45511732,43761362,4.08,46925797,44574334,1.86,48822640,46064137,3.34,48656564,44829136,-2.68,51207169,46781331,4.35
"강원도","순생산물세",3184555,2986275,0.09,3349596,3087178,0.24,3555803,3297522,0.49,3707150,3334702,0.08,3972685,3384630,0.11
"강원도","총부가가치(기초가격)",42327177,40775841,3.99,43576201,41486684,1.62,45266837,42762593,2.86,44949414,41488176,-2.76,47234484,43392655,4.24
"강원도","농업, 임업 및 어업",2239855,2103563,0.11,2132374,2028071,-0.18,2100302,2175911,0.33,2257909,2106673,-0.14,2501261,2170596,0.14
"강원도","광제조업",5473175,5391948,1.12,5377099,5319618,-0.16,5373188,5328618,0.02,5209718,5128849,-0.41,5191303,5258973,0.27
"강원도","　광업",1016236,970626,0.15,819894,803271,-0.38,847698,820464,0.04,698597,702083,-0.25,667385,719314,0.04
"강원도","　제조업",4456939,4421355,0.97,4557205,4522342,0.22,4525490,4513955,-0.02,4511121,4435026,-0.16,4523918,4548117,0.24
"강원도","　　음식료품 및 담배제조업",995888,936824,0.31,1041522,964703,0.07,1077169,991371,0.06,1130523,1009816,0.04,1126449,1035860,0.06
"강원도","　　섬유 의복 및 가죽 제품 제조업",29915,28805,0.01,42496,39195,0.02,50690,42913,0.01,65044,53935,0.03,37175,33723,-0.05
"강원도","　　목재종이인쇄 및 복제업",90027,94389,0.01,93771,90489,-0.01,108953,105701,0.03,99051,97189,-0.02,93904,83588,-0.03
"강원도","　　석탄 및 석유 화학제품 제조업",562358,554121,0.11,561667,576879,0.05,635320,635354,0.12,665510,650827,0.03,684553,682814,0.07
"강원도","　　비금속광물 및 금속제품 제조업",1446810,1537869,0.46,1398545,1469712,-0.14,1293540,1332453,-0.28,1298432,1328041,-0.01,1310308,1310166,-0.04
"강원도","　　전기 전자 및 정밀기기 제조업",627476,579501,0.04,678911,641489,0.15,633360,701064,0.13,585387,651367,-0.09,628834,707898,0.10
"강원도","　　기계 운송장비 및 기타 제품 제조업",704465,689030,0.04,740293,727176,0.09,726458,681587,-0.10,667174,616185,-0.14,642695,669821,0.12
"강원도","전기, 가스, 증기 및 공기 조절 공급업",897937,1065723,0.64,931924,1327592,0.48,943914,1363826,0.05,914614,1064884,-0.42,596155,1162498,0.17
"강원도","건설업",4127669,3857266,-0.09,3852880,3428645,-1.01,4119801,3492241,0.15,4372984,3628057,0.33,4557695,3652281,0.06
"강원도","서비스업",29588541,28345899,2.21,31281924,29428171,2.48,32729632,30442976,2.30,32194189,29481125,-2.12,34388070,31083319,3.60
"강원도","　도매 및 소매업",2025601,1958943,0.16,2053443,1991300,0.07,2126665,2109418,0.26,1896675,1919798,-0.39,1893902,1882903,-0.07
"강원도","　운수 및 창고업",1652165,1717326,0.35,1548179,1648912,-0.14,1701318,1733457,0.17,1616697,1496773,-0.48,1650474,1584915,0.20
"강원도","　숙박 및 음식점업",1762293,1651473,-0.06,1899514,1744603,0.22,1972612,1784014,0.09,1682794,1542197,-0.55,1863232,1673361,0.29
"강원도","　정보통신업",825299,820729,-0.06,870380,887348,0.15,972653,1019364,0.28,968825,1023999,0.01,1032259,1102357,0.15
"강원도","　금융 및 보험업",1734680,1680898,0.24,1817439,1734139,0.12,1867774,1845269,0.25,1881044,1917090,0.15,2072238,2037979,0.24
"강원도","　부동산업",2630258,2550441,0.02,2673553,2576906,0.06,2646592,2528758,-0.11,2635752,2500502,-0.06,2669293,2555374,0.12
"강원도","　사업서비스업",1984696,1907147,0.18,2121072,1977787,0.16,2343389,2134521,0.36,2246361,1981083,-0.35,2346182,2000965,0.05
"강원도","　공공 행정, 국방 및 사회보장 행정",9326954,8735253,1.11,10159693,9204548,1.10,10572487,9414283,0.49,11116143,9673401,0.60,12068337,10286074,1.45
"강원도","　교육 서비스업",3522814,3393402,0.19,3687604,3498630,0.24,3747281,3472079,-0.06,3679883,3387126,-0.19,3868182,3518114,0.29
"강원도","　보건업 및 사회복지 서비스업",2134568,2052100,0.20,2281292,2169715,0.27,2498515,2363277,0.43,2614690,2418562,0.12,2777789,2548499,0.29
"강원도","　문화 및 기타서비스업",1989213,1881458,-0.13,2169755,1982937,0.24,2280346,2040981,0.14,1855325,1611270,-0.98,2146182,1861208,0.59
"충청북도","지역내총생산(시장가격)",65312366,61953139,6.12,69636876,65830010,6.26,69419635,66927772,1.67,69583769,65926194,-1.50,75289387,70448338,6.86
"충청북도","순생산물세",5117372,4806278,0.20,5335274,4916425,0.18,5393014,5001140,0.13,5441250,4924170,-0.12,5582580,4782949,-0.22
"충청북도","총부가가치(기초가격)",60194994,57148579,5.91,64301602,60917478,6.08,64026621,61930513,1.54,64142519,61005938,-1.38,69706807,65693987,7.08
"충청북도","농업, 임업 및 어업",2064157,1915026,0.05,1976577,1873677,-0.07,1855150,1904052,0.05,1867853,1701245,-0.28,2156019,1780502,0.13
"충청북도","광제조업",28981131,27326275,4.38,31495435,30063268,4.44,30563039,30812789,1.13,30462125,30324757,-0.70,34100543,33953458,5.24
"충청북도","　광업",235499,217281,0.04,249490,235866,0.03,205100,194335,-0.06,181602,182287,-0.02,181949,187383,0.01
"충청북도","　제조업",28745632,27108971,4.34,31245945,29827447,4.41,30357939,30618962,1.19,30280523,30143548,-0.68,33918594,33767144,5.23
"충청북도","　　음식료품 및 담배제조업",2765131,2614550,0.23,2795150,2573837,-0.07,2852839,2611226,0.06,3083391,2739789,0.20,3057067,2765876,0.04
"충청북도","　　섬유 의복 및 가죽 제품 제조업",330649,308751,0.01,336796,310087,0.00,328377,280956,-0.05,357651,299950,0.03,318590,291988,-0.01
"충청북도","　　목재종이인쇄 및 복제업",813317,798140,-0.16,892138,803436,0.01,890503,790346,-0.02,864954,786233,-0.01,862407,757638,-0.05
"충청북도","　　석탄 및 석유 화학제품 제조업",5371526,5300066,-0.23,5672220,5773370,0.73,6032300,6018429,0.35,6916837,6685969,0.96,8020808,7427538,1.10
"충청북도","　　비금속광물 및 금속제품 제조업",3851537,3901302,0.56,3768403,3802167,-0.15,3631529,3590351,-0.30,3490775,3419075,-0.25,3864341,3377124,-0.06
"충청북도","　　전기 전자 및 정밀기기 제조업",12782326,11464999,3.54,14763867,13570727,3.59,13503483,14359878,1.23,12573147,13355457,-1.36,14459836,15585764,3.02
"충청북도","　　기계 운송장비 및 기타 제품 제조업",2831146,2779096,0.40,3017371,2964956,0.29,3118908,2911269,-0.08,2993768,2742594,-0.26,3335545,3500804,1.19
"충청북도","전기, 가스, 증기 및 공기 조절 공급업",380173,458089,0.11,339082,449567,-0.01,347755,459070,0.01,592089,749203,0.32,530987,759148,0.01
"충청북도","건설업",3817247,3574102,0.53,4619155,4118895,0.89,4214305,3579025,-0.87,3781653,3142334,-0.74,3812911,3064922,-0.13
"충청북도","서비스업",24952286,23880182,0.84,25871353,24393966,0.82,27046372,25195723,1.22,27438799,25214568,0.03,29106347,26392855,1.84
"충청북도","　도매 및 소매업",2239023,2165162,0.09,2264830,2196152,0.05,2229562,2211563,0.02,2176688,2203620,-0.01,2206252,2193956,-0.01
"충청북도","　운수 및 창고업",1419691,1448756,-0.01,1433158,1513642,0.10,1520690,1535291,0.03,1428579,1336738,-0.28,1452035,1430922,0.14
"충청북도","　숙박 및 음식점업",1132072,1045128,0.00,1222742,1107796,0.10,1311645,1152913,0.07,1100825,970482,-0.30,1133109,988856,0.03
"충청북도","　정보통신업",683470,682754,-0.03,687480,710455,0.04,699002,751216,0.06,717002,790841,0.05,779127,892219,0.13
"충청북도","　금융 및 보험업",1808899,1741544,0.14,1969656,1868268,0.20,1956555,1911035,0.06,1990004,2001887,0.13,2188495,2119950,0.17
"충청북도","　부동산업",2594616,2515844,-0.01,2670804,2574220,0.09,2671874,2553033,-0.03,2797527,2651386,0.15,2850416,2718186,0.10
"충청북도","　사업서비스업",3303588,3115580,-0.01,3153443,2893056,-0.36,3486280,3121913,0.36,3573637,3095166,-0.04,3806433,3187858,0.15
"충청북도","　공공 행정, 국방 및 사회보장 행정",4842038,4565615,0.31,5079136,4634075,0.11,5397843,4840456,0.32,5833187,5137502,0.48,6302059,5393800,0.42
"충청북도","　교육 서비스업",3184559,3068130,0.20,3353708,3182115,0.18,3492548,3231082,0.07,3491837,3204415,-0.04,3812809,3455689,0.39
"충청북도","　보건업 및 사회복지 서비스업",2059537,1979363,0.15,2222174,2121476,0.23,2430206,2307901,0.28,2475303,2300649,-0.01,2627205,2423146,0.19
"충청북도","　문화 및 기타서비스업",1684793,1554391,0.02,1814222,1601396,0.08,1850167,1582890,-0.03,1854210,1527032,-0.09,1948407,1598588,0.12
"충청남도","지역내총생산(시장가격)",115557697,110165655,5.42,115534184,110873163,0.64,113488325,112310782,1.30,115531056,112762058,0.40,125416447,118487227,5.08
"충청남도","순생산물세",11227269,10537927,0.29,11324214,10426129,-0.10,11067277,10254233,-0.16,10958048,9893232,-0.34,12028436,10282593,0.37
"충청남도","총부가가치(기초가격)",104330428,99630422,5.13,104209970,100452872,0.75,102421048,102076888,1.46,104573008,102919680,0.75,113388011,108268246,4.70
"충청남도","농업, 임업 및 어업",4357492,4057495,-0.01,4131891,4017635,-0.04,4027997,4227809,0.19,4289165,3960571,-0.22,5202711,4381415,0.39
"충청남도","광제조업",56317194,52762844,4.18,56603953,53872702,1.03,53155458,54242035,0.34,53266572,54765430,0.45,60313215,58605482,3.23
"충청남도","　광업",138168,127575,-0.04,115636,109330,-0.02,105562,100121,-0.01,119100,119748,0.02,139338,144067,0.02
"충청남도","　제조업",56179026,52636346,4.22,56488317,53764781,1.04,53049896,54143399,0.34,53147472,54645762,0.43,60173877,58461140,3.21
"충청남도","　　음식료품 및 담배제조업",2093872,1988750,0.02,2357077,2170942,0.17,2481129,2271973,0.09,2664871,2369126,0.09,2655284,2395623,0.03
"충청남도","　　섬유 의복 및 가죽 제품 제조업",432187,418206,0.05,391423,371019,-0.04,323958,282593,-0.08,394423,336626,0.05,322658,295594,-0.04
"충청남도","　　목재종이인쇄 및 복제업",713304,703752,-0.12,841034,762497,0.05,787763,705795,-0.05,783692,717229,0.01,808741,704463,-0.01
"충청남도","　　석탄 및 석유 화학제품 제조업",13197756,12718997,1.05,13284215,13171031,0.41,13118642,13114461,-0.05,11882454,12270123,-0.74,15220505,12747991,0.40
"충청남도","　　비금속광물 및 금속제품 제조업",8228696,8116236,0.37,8388028,8128178,0.01,7789584,7527006,-0.54,7632500,7339435,-0.17,9887574,7573091,0.21
"충청남도","　　전기 전자 및 정밀기기 제조업",21060658,18404264,0.85,21732823,19540481,1.13,19169173,21061609,1.46,19292479,21506031,0.36,21202646,23606948,1.63
"충청남도","　　기계 운송장비 및 기타 제품 제조업",10452553,10209990,2.00,9493717,9448495,-0.67,9379647,8880804,-0.49,10497053,9776158,0.83,10076469,10849561,1.00
"충청남도","전기, 가스, 증기 및 공기 조절 공급업",4554305,5396813,0.76,3635549,5091934,-0.22,3790470,5280521,0.12,4103013,4920541,-0.23,2738283,4877301,-0.03
"충청남도","건설업",6577819,6171211,-0.09,5972102,5334840,-0.77,5819408,4951911,-0.37,6384347,5315629,0.38,6681947,5384530,0.07
"충청남도","서비스업",32523618,31221463,0.28,33866475,32054897,0.75,35627715,33355941,1.19,36529911,33747565,0.37,38451855,34853464,1.04
"충청남도","　도매 및 소매업",3171848,3067913,0.12,3220098,3123213,0.05,3184312,3159668,0.03,3196880,3238143,0.07,3244596,3228417,-0.01
"충청남도","　운수 및 창고업",2250274,2365865,0.12,2156649,2343627,-0.02,2213982,2328361,-0.01,2280066,2257275,-0.06,2419802,2261163,0.00
"충청남도","　숙박 및 음식점업",1729575,1597320,0.01,1807946,1640814,0.04,1895614,1670379,0.03,1618120,1431416,-0.24,1692702,1480051,0.05
"충청남도","　정보통신업",790901,792227,-0.01,781878,812724,0.02,792477,860906,0.04,797285,892740,0.03,811926,939476,0.04
"충청남도","　금융 및 보험업",2339737,2263583,0.08,2501222,2382103,0.11,2489872,2452957,0.06,2534867,2580210,0.11,2819953,2765025,0.16
"충청남도","　부동산업",3846977,3733073,0.04,3892117,3754324,0.02,3969014,3795404,0.04,4127628,3913627,0.11,4203255,4000377,0.08
"충청남도","　사업서비스업",4029580,3795723,-0.36,4244201,3889215,0.09,4995742,4471222,0.55,5133926,4438972,-0.03,5391035,4505783,0.07
"충청남도","　공공 행정, 국방 및 사회보장 행정",5662632,5323087,0.11,6001293,5452899,0.12,6301498,5624125,0.16,6968668,6100941,0.47,7260877,6182885,0.08
"충청남도","　교육 서비스업",4056406,3913915,0.10,4268706,4056833,0.13,4457478,4138091,0.07,4456359,4108878,-0.03,4817431,4394826,0.27
"충청남도","　보건업 및 사회복지 서비스업",2771957,2663100,0.11,2995205,2860795,0.18,3265482,3100973,0.22,3337228,3107327,0.01,3552149,3278209,0.16
"충청남도","　문화 및 기타서비스업",1873731,1711790,-0.03,1997160,1738252,0.03,2062244,1733533,0.00,2078884,1668345,-0.07,2238129,1803528,0.15
"전라북도","지역내총생산(시장가격)",49348477,47553099,1.90,50595318,48350793,1.68,51997535,49506041,2.39,52820485,49116252,-0.79,55955855,50636383,3.09
"전라북도","순생산물세",3609220,3392176,-0.05,3755417,3458905,0.14,4050258,3754265,0.63,4414968,3985799,0.48,4626098,3954467,-0.07
"전라북도","총부가가치(기초가격)",45739257,44161397,1.96,46839901,44892102,1.53,47947277,45743363,1.76,48405517,45114469,-1.27,51329757,46670445,3.16
"전라북도","농업, 임업 및 어업",3723674,3463763,0.21,3588055,3420221,-0.09,3412985,3526160,0.22,3545373,3244946,-0.52,4058242,3388397,0.30
"전라북도","광제조업",11467187,11179097,0.12,11497805,11152811,-0.05,11223675,10834401,-0.65,10985717,10393717,-0.88,12289607,11119409,1.45
"전라북도","　광업",140141,129407,-0.03,128130,121221,-0.02,113350,107591,-0.03,113976,114721,0.01,107001,110784,-0.01
"전라북도","　제조업",11327046,11049658,0.14,11369675,11032002,-0.04,11110325,10727471,-0.62,10871741,10279431,-0.89,12182606,11008367,1.46
"전라북도","　　음식료품 및 담배제조업",1823341,1733669,0.05,2004410,1843676,0.23,2204721,2016335,0.37,2159848,1917734,-0.21,2145371,1933200,0.03
"전라북도","　　섬유 의복 및 가죽 제품 제조업",245684,237652,-0.02,226376,210733,-0.06,188105,160083,-0.11,206764,172190,0.03,182996,164763,-0.02
"전라북도","　　목재종이인쇄 및 복제업",604121,614824,-0.06,679384,631179,0.03,630465,579487,-0.11,598033,558974,-0.04,696605,607475,0.10
"전라북도","　　석탄 및 석유 화학제품 제조업",2493586,2412681,0.07,2486116,2448352,0.07,2424423,2431511,-0.03,2415329,2320055,-0.21,2858734,2326996,0.01
"전라북도","　　비금속광물 및 금속제품 제조업",2327517,2314863,0.66,2281665,2230235,-0.17,2179191,2117648,-0.23,2141741,2069492,-0.10,2848314,2251070,0.36
"전라북도","　　전기 전자 및 정밀기기 제조업",774737,731448,0.06,824948,792616,0.13,800449,846435,0.11,794264,831346,-0.03,889691,950224,0.22
"전라북도","　　기계 운송장비 및 기타 제품 제조업",3058060,3015640,-0.61,2866776,2878962,-0.28,2682971,2562378,-0.62,2555762,2396991,-0.33,2560895,2773859,0.76
"전라북도","전기, 가스, 증기 및 공기 조절 공급업",1077463,1286287,0.14,826270,1196921,-0.15,841917,1266431,0.09,1075968,1469288,0.26,882007,1480941,0.02
"전라북도","건설업",3195903,2991385,0.40,3518970,3136099,0.31,3709743,3148614,0.03,3818958,3171486,0.05,3729424,2993225,-0.41
"전라북도","서비스업",26275030,25243380,1.09,27408801,25964735,1.52,28758957,26953059,2.06,28979501,26866560,-0.18,30370477,27749003,1.80
"전라북도","　도매 및 소매업",2478919,2397478,0.10,2507081,2431393,0.07,2525890,2505870,0.15,2322085,2351182,-0.30,2336593,2323933,-0.05
"전라북도","　운수 및 창고업",1291444,1345213,0.17,1262755,1363391,0.04,1364903,1387671,0.04,1267362,1169666,-0.41,1363076,1296752,0.26
"전라북도","　숙박 및 음식점업",1144683,1057768,-0.03,1208131,1094828,0.08,1276975,1123561,0.06,1036801,916429,-0.45,1114455,973216,0.12
"전라북도","　정보통신업",758614,754792,-0.11,757008,778326,0.05,765950,823352,0.09,812603,904785,0.15,847499,969789,0.11
"전라북도","　금융 및 보험업",2221603,2133188,0.10,2422288,2287661,0.33,2447641,2378334,0.19,2512254,2514950,0.27,2783462,2675725,0.30
"전라북도","　부동산업",2851839,2765844,-0.01,2897655,2793558,0.06,3012068,2878499,0.17,3044458,2884773,0.01,2993944,2894485,0.02
"전라북도","　사업서비스업",2210614,2109065,0.10,2354420,2186580,0.16,2519608,2279153,0.20,2515490,2205921,-0.16,2693729,2274442,0.15
"전라북도","　공공 행정, 국방 및 사회보장 행정",5129345,4858461,0.42,5416107,4964030,0.23,5763750,5191439,0.49,6258088,5555998,0.78,6537860,5618371,0.13
"전라북도","　교육 서비스업",3580176,3451308,0.17,3683275,3497291,0.10,3850498,3571631,0.15,3825554,3525603,-0.10,4056540,3697320,0.35
"전라북도","　보건업 및 사회복지 서비스업",3027802,2904811,0.26,3230144,3076994,0.36,3490969,3304110,0.47,3639428,3372324,0.14,3797319,3487152,0.23
"전라북도","　문화 및 기타서비스업",1579991,1468121,-0.08,1669937,1491564,0.05,1740705,1509324,0.04,1745378,1461039,-0.11,1846000,1535486,0.17
"전라남도","지역내총생산(시장가격)",73732402,71340179,1.26,75424584,72888289,2.17,76948280,74618019,2.37,78819152,74972494,0.48,88383883,76965787,2.66
"전라남도","순생산물세",9126713,8560327,-0.28,9447125,8700732,0.20,8904330,8252498,-0.65,9700634,8729528,0.67,10661808,9086292,0.50
"전라남도","총부가가치(기초가격)",64605689,62785472,1.54,65977459,64194937,1.97,68043950,66410035,3.02,69118518,66264453,-0.19,77722075,67893404,2.16
"전라남도","농업, 임업 및 어업",5062847,4873725,0.18,5179868,5105560,0.33,5001268,5285947,0.24,5456460,5060776,-0.28,6068063,5421895,0.49
"전라남도","광제조업",23844666,22805486,0.46,23726917,22915492,0.16,23011409,22722374,-0.27,21805461,21970001,-0.99,28597124,23115051,1.44
"전라남도","　광업",157034,147579,-0.01,124221,119266,-0.04,120953,115722,0.00,151752,151896,0.05,163360,168178,0.02
"전라남도","　제조업",23687632,22658078,0.47,23602696,22796915,0.20,22890456,22607350,-0.26,21653709,21817489,-1.04,28433764,22946169,1.42
"전라남도","　　음식료품 및 담배제조업",970987,924697,0.06,1093395,1004954,0.11,1081509,988452,-0.02,1249844,1109118,0.17,1180095,1058587,-0.07
"전라남도","　　섬유 의복 및 가죽 제품 제조업",79060,76703,0.00,82458,77782,0.00,78648,68061,-0.01,86563,73284,0.01,77336,70430,0.00
"전라남도","　　목재종이인쇄 및 복제업",154806,160248,-0.04,159246,150695,-0.01,170394,160282,0.01,170450,162642,0.00,167441,148651,-0.02
"전라남도","　　석탄 및 석유 화학제품 제조업",14943732,14120775,0.70,14102542,13713884,-0.58,13215329,13260698,-0.62,11897333,12611589,-0.84,16834498,13122796,0.61
"전라남도","　　비금속광물 및 금속제품 제조업",5325808,5182739,0.30,5795917,5494430,0.43,5597146,5363691,-0.18,5340030,5108728,-0.35,7387951,5345897,0.31
"전라남도","　　전기 전자 및 정밀기기 제조업",340709,317523,0.07,394830,374161,0.08,482058,488410,0.16,579307,574539,0.11,696410,715476,0.18
"전라남도","　　기계 운송장비 및 기타 제품 제조업",1872530,1836951,-0.64,1974308,1953221,0.16,2265372,2255207,0.40,2330182,2143328,-0.15,2090033,2440348,0.41
"전라남도","전기, 가스, 증기 및 공기 조절 공급업",2619310,3105237,0.34,2079859,2899883,-0.23,2081723,2882841,-0.02,2422350,2904229,0.02,1690366,2976258,0.08
"전라남도","건설업",4381476,4091976,-0.23,4812006,4277662,0.27,5990552,5071273,1.18,6903640,5717796,0.99,6157362,4935111,-1.20
"전라남도","서비스업",28697390,27900363,0.79,30178809,28939552,1.45,31958998,30294553,1.87,32530607,30338782,0.06,35209160,31325700,1.34
"전라남도","　도매 및 소매업",2320892,2244385,0.00,2412255,2339227,0.13,2434516,2415325,0.10,2294168,2323432,-0.12,2295436,2283673,-0.05
"전라남도","　운수 및 창고업",2655835,3001627,0.01,2580079,3023606,0.03,2799180,3192062,0.19,2821555,2952170,-0.27,4148527,3228433,0.33
"전라남도","　숙박 및 음식점업",1205152,1117495,-0.01,1274934,1159910,0.06,1383712,1226465,0.10,1234432,1102918,-0.18,1282987,1129494,0.04
"전라남도","　정보통신업",1112277,1107529,0.17,1131281,1147690,0.05,1174797,1218456,0.09,1266033,1304190,0.11,1332499,1354149,0.06
"전라남도","　금융 및 보험업",2080897,2007222,0.09,2224061,2112412,0.15,2202593,2158504,0.06,2267221,2290706,0.18,2522523,2454582,0.21
"전라남도","　부동산업",2459920,2385962,0.00,2543769,2452596,0.09,2680194,2561529,0.15,2710459,2569283,0.01,2664244,2577593,0.01
"전라남도","　사업서비스업",2226996,2123677,0.02,2454421,2258217,0.19,2675356,2388712,0.19,2643079,2277991,-0.16,2942820,2458670,0.27
"전라남도","　공공 행정, 국방 및 사회보장 행정",6748560,6388903,0.32,7293857,6681651,0.42,7772964,6997198,0.46,8224443,7291387,0.42,8524334,7322937,0.05
"전라남도","　교육 서비스업",3430407,3298689,0.08,3501675,3316273,0.02,3687689,3408387,0.13,3770865,3461893,0.08,3954328,3583317,0.17
"전라남도","　보건업 및 사회복지 서비스업",2802288,2693589,0.13,2995650,2866108,0.24,3247962,3089440,0.31,3364958,3133596,0.06,3539387,3267143,0.18
"전라남도","　문화 및 기타서비스업",1654166,1529718,-0.02,1766827,1566198,0.05,1900035,1627720,0.09,1933394,1590240,-0.06,2002075,1642337,0.08
"경상북도","지역내총생산(시장가격)",110027724,104429785,-1.24,108782638,103149107,-1.23,106805459,104417627,1.23,105771509,101370158,-2.92,113285841,105224262,3.80
"경상북도","순생산물세",6227125,5851514,0.10,6153678,5670015,-0.18,6263246,5807681,0.14,6702231,6056821,0.25,7105206,6079398,0.02
"경상북도","총부가가치(기초가격)",103800599,98575490,-1.34,102628960,97477510,-1.05,100542213,98606250,1.09,99069278,95285604,-3.17,106180635,99129431,3.78
"경상북도","농업, 임업 및 어업",5438525,5092731,0.11,5500601,5190049,0.09,5440173,5535643,0.34,5785872,5207524,-0.30,6777286,5617665,0.43
"경상북도","광제조업",49584297,46181302,-2.19,47839504,44967327,-1.18,44162081,44872463,-0.09,42020162,42586061,-2.11,46928370,44901024,2.16
"경상북도","　광업",174755,160779,-0.03,150565,141874,-0.02,131579,123832,-0.02,151641,150597,0.03,154293,156379,0.01
"경상북도","　제조업",49409542,46021132,-2.16,47688939,44826227,-1.17,44030502,44749360,-0.08,41868521,42433513,-2.13,46774077,44742638,2.15
"경상북도","　　음식료품 및 담배제조업",1528592,1495287,0.03,1570638,1482431,-0.01,1720004,1605859,0.12,1793889,1624784,0.02,1802707,1678265,0.06
"경상북도","　　섬유 의복 및 가죽 제품 제조업",1352135,1310259,0.12,1341532,1275029,-0.03,1420321,1242314,-0.03,1302111,1114138,-0.14,1275152,1167599,0.06
"경상북도","　　목재종이인쇄 및 복제업",600538,603085,-0.02,640702,589101,-0.01,607168,552529,-0.04,662040,614600,0.06,736803,646025,0.03
"경상북도","　　석탄 및 석유 화학제품 제조업",4260871,4291723,0.06,4478495,4576508,0.26,4114951,4123309,-0.41,4205702,4051772,-0.07,4898042,4404957,0.35
"경상북도","　　비금속광물 및 금속제품 제조업",12124915,11820262,0.41,11711940,11186526,-0.59,11961147,11454982,0.26,11012426,10505480,-0.93,14368436,10613638,0.11
"경상북도","　　전기 전자 및 정밀기기 제조업",23750746,20699603,-3.08,21908955,19664004,-1.08,17917114,19725952,0.06,16789663,18775549,-0.81,17955012,20035796,1.07
"경상북도","　　기계 운송장비 및 기타 제품 제조업",5791745,5660405,0.32,6036677,5988905,0.31,6289797,5944315,-0.04,6102690,5666011,-0.28,5737925,6145153,0.49
"경상북도","전기, 가스, 증기 및 공기 조절 공급업",2740816,3250034,0.31,2365183,3326614,0.06,2555869,3655638,0.22,3063135,3737286,0.05,2078433,3616930,-0.09
"경상북도","건설업",6528037,6083027,-0.07,5839271,5180091,-0.88,5779719,4883559,-0.31,5585676,4617768,-0.29,5501353,4397629,-0.25
"경상북도","서비스업",39508924,37924477,0.50,41084401,38834203,0.86,42604371,39801529,0.94,42614433,39282391,-0.52,44895193,40777102,1.53
"경상북도","　도매 및 소매업",3491169,3377251,0.10,3500353,3395512,0.02,3444980,3418596,0.02,3321336,3364247,-0.05,3409743,3392724,0.03
"경상북도","　운수 및 창고업",2471203,2569286,0.10,2410165,2594521,0.02,2548184,2636266,0.04,2451818,2315799,-0.29,2536659,2472971,0.16
"경상북도","　숙박 및 음식점업",1830986,1694028,-0.01,1953224,1771280,0.08,2078934,1833532,0.06,1660207,1474121,-0.38,1838950,1613506,0.15
"경상북도","　정보통신업",1331614,1334257,-0.01,1342657,1394883,0.05,1369494,1467815,0.06,1385816,1512424,0.04,1415718,1582432,0.06
"경상북도","　금융 및 보험업",2939086,2831587,0.07,3118989,2955519,0.12,3060848,2997573,0.04,3095671,3134179,0.13,3374737,3287840,0.14
"경상북도","　부동산업",4249629,4120265,-0.05,4263359,4108232,-0.01,4384653,4188829,0.08,4175347,3959171,-0.23,4267105,4119419,0.16
"경상북도","　사업서비스업",4878952,4596688,0.09,5165951,4723116,0.12,5323694,4733703,0.01,5470873,4712103,-0.02,5776415,4790395,0.09
"경상북도","　공공 행정, 국방 및 사회보장 행정",7801541,7424824,0.12,8335486,7685160,0.25,8798378,7976394,0.29,9527109,8526941,0.57,10082656,8709749,0.19
"경상북도","　교육 서비스업",4587623,4426560,0.08,4685750,4453584,0.03,4866928,4526125,0.07,4810645,4449020,-0.08,5132292,4702631,0.26
"경상북도","　보건업 및 사회복지 서비스업",3336981,3208956,0.06,3542221,3379295,0.16,3852805,3655266,0.27,3917055,3642625,-0.01,4127393,3802706,0.16
"경상북도","　문화 및 기타서비스업",2590140,2346639,-0.05,2766246,2375157,0.03,2875473,2375908,0.00,2798556,2201465,-0.20,2933525,2314397,0.14
"경상남도","지역내총생산(시장가격)",109492183,106561346,-0.73,110720199,107224316,0.62,114020931,109370902,2.00,110847012,103425415,-5.44,112949668,105384664,1.89
"경상남도","순생산물세",8352767,7847851,-0.20,8158738,7514624,-0.32,8464488,7845884,0.32,8419821,7607391,-0.23,8865994,7584573,-0.02
"경상남도","총부가가치(기초가격)",101139416,98715612,-0.53,102561461,99726659,0.95,105556443,101532251,1.68,102427191,95817774,-5.21,104083674,97805741,1.92
"경상남도","농업, 임업 및 어업",3725327,3555810,0.12,3995780,3848917,0.28,3899700,4035270,0.17,4047928,3697430,-0.29,4240972,3651030,-0.05
"경상남도","광제조업",39556001,39169578,-1.54,39860506,39490070,0.30,41219676,40153800,0.61,38896104,36736388,-3.08,38514539,37226020,0.47
"경상남도","　광업",124695,115143,0.00,95958,90794,-0.02,81055,76940,-0.01,80667,81208,0.00,89117,92288,0.01
"경상남도","　제조업",39431306,39054257,-1.54,39764548,39400932,0.32,41138621,40079271,0.62,38815437,36657100,-3.08,38425422,37136296,0.46
"경상남도","　　음식료품 및 담배제조업",2170407,2100663,0.02,2239997,2105155,0.00,2329931,2166805,0.06,2313903,2087324,-0.07,2333452,2172835,0.09
"경상남도","　　섬유 의복 및 가죽 제품 제조업",518068,489318,0.00,500850,464549,-0.02,480234,413832,-0.05,491336,415315,0.00,435643,402877,-0.01
"경상남도","　　목재종이인쇄 및 복제업",825739,823479,0.00,906113,829747,0.01,869719,787705,-0.04,802921,741969,-0.04,915403,796687,0.05
"경상남도","　　석탄 및 석유 화학제품 제조업",3610458,3735977,-0.06,3498480,3673864,-0.05,3650099,3634040,-0.03,3384965,3257368,-0.33,3466657,3310716,0.05
"경상남도","　　비금속광물 및 금속제품 제조업",9335774,9146585,-0.47,9173191,8969655,-0.16,9338015,8952886,-0.02,8895033,8433111,-0.48,10199094,7996207,-0.42
"경상남도","　　전기 전자 및 정밀기기 제조업",5851889,5708490,0.46,6235523,6151212,0.41,5692301,5839922,-0.29,6176826,6196533,0.30,6542250,6777548,0.52
"경상남도","　　기계 운송장비 및 기타 제품 제조업",17118971,17029211,-1.50,17210394,17180505,0.14,18778322,18268832,0.98,16750453,15539443,-2.46,14532923,15719741,0.18
"경상남도","전기, 가스, 증기 및 공기 조절 공급업",2687941,3247629,0.19,2088684,3224179,-0.02,2090470,3404645,0.11,2164093,2901739,-0.27,1739078,3322616,0.28
"경상남도","건설업",6749238,6310432,0.31,6585494,5863635,-0.44,5985332,5075589,-0.80,5512697,4574795,-0.52,5249811,4211122,-0.40
"경상남도","서비스업",48420909,46417015,0.39,50030997,47282082,0.82,52361265,48946938,1.59,51806369,47818634,-1.06,54339274,49463302,1.61
"경상남도","　도매 및 소매업",4977580,4814306,0.12,5006632,4855955,0.04,4953967,4915899,0.06,4630518,4690709,-0.20,4739811,4716740,0.02
"경상남도","　운수 및 창고업",2719030,2754344,-0.04,2622774,2747652,-0.01,2830252,2847860,0.09,2767801,2584242,-0.23,3008962,2873134,0.28
"경상남도","　숙박 및 음식점업",2352046,2174526,-0.03,2451062,2221936,0.05,2559657,2254667,0.03,2149318,1904490,-0.35,2326535,2034618,0.13
"경상남도","　정보통신업",1364766,1369439,-0.03,1356748,1413072,0.04,1423764,1547904,0.12,1467000,1638362,0.07,1501524,1732497,0.08
"경상남도","　금융 및 보험업",4028908,3867645,0.06,4244636,4002722,0.13,4110415,4000604,0.00,4067348,4092106,0.08,4433982,4285774,0.17
"경상남도","　부동산업",6636812,6437598,-0.03,6522764,6290493,-0.14,6665486,6371968,0.08,6635097,6287174,-0.08,6710731,6431683,0.14
"경상남도","　사업서비스업",5648078,5349235,-0.02,5931746,5449899,0.10,6543524,5819938,0.36,6259205,5371564,-0.44,6658823,5502135,0.14
"경상남도","　공공 행정, 국방 및 사회보장 행정",8025077,7574145,0.20,8622142,7873607,0.29,9185761,8243552,0.37,9596964,8459934,0.21,9913743,8482173,0.02
"경상남도","　교육 서비스업",5354918,5157783,0.10,5482059,5200402,0.04,5723923,5296878,0.09,5817226,5344134,0.04,6214643,5643149,0.29
"경상남도","　보건업 및 사회복지 서비스업",4589195,4407051,0.18,4884338,4659898,0.24,5361003,5086744,0.40,5498955,5107768,0.02,5828925,5375316,0.26
"경상남도","　문화 및 기타서비스업",2724499,2516468,-0.11,2906096,2563587,0.05,3003513,2563069,0.00,2916937,2375950,-0.19,3001595,2440840,0.07
"제주특별자치도","지역내총생산(시장가격)",19981072,19144657,4.57,20051121,18968300,-0.92,20308737,19186190,1.15,19615758,17957495,-6.40,20187503,18173026,1.20
"제주특별자치도","순생산물세",1740038,1628587,0.31,1630898,1504838,-0.66,1619902,1503707,-0.01,1589257,1425548,-0.41,1651819,1403687,-0.12
"제주특별자치도","총부가가치(기초가격)",18241034,17516293,4.27,18420223,17466509,-0.26,18688835,17686075,1.15,18026501,16534955,-5.99,18535684,16773264,1.32
"제주특별자치도","농업, 임업 및 어업",2050327,1873293,0.31,1821788,1638278,-1.29,1676001,1615727,-0.13,1969935,1667043,0.26,2048666,1675235,0.05
"제주특별자치도","광제조업",826121,807655,0.31,793134,769268,-0.20,743149,725781,-0.22,720813,694016,-0.16,746361,727598,0.18
"제주특별자치도","　광업",32906,30386,-0.05,21082,19951,-0.06,10394,9869,-0.05,11230,11305,0.01,19504,20196,0.05
"제주특별자치도","　제조업",793215,777345,0.37,772052,749941,-0.14,732755,716737,-0.17,709583,683443,-0.17,726857,708531,0.13
"제주특별자치도","　　음식료품 및 담배제조업",287064,269986,0.09,275696,255272,-0.08,282069,259499,0.02,288977,258010,-0.01,284868,263092,0.03
"제주특별자치도","　　섬유 의복 및 가죽 제품 제조업",6453,6238,0.00,5758,5330,0.00,5050,4304,-0.01,5545,4626,0.00,5001,4539,0.00
"제주특별자치도","　　목재종이인쇄 및 복제업",33245,32625,0.00,63207,58414,0.13,52419,49218,-0.05,50195,48405,0.00,55394,50130,0.01
"제주특별자치도","　　석탄 및 석유 화학제품 제조업",72753,72752,0.02,64335,66298,-0.03,69981,70726,0.02,69796,68371,-0.01,76902,73872,0.03
"제주특별자치도","　　비금속광물 및 금속제품 제조업",217377,232554,0.13,176237,187239,-0.21,166467,172540,-0.07,135182,138903,-0.16,132626,135640,-0.02
"제주특별자치도","　　전기 전자 및 정밀기기 제조업",88027,78013,0.15,104306,95084,0.10,76710,83381,-0.06,86928,95536,0.06,103836,114086,0.09
"제주특별자치도","　　기계 운송장비 및 기타 제품 제조업",88296,86130,-0.03,82513,78219,-0.04,80059,73183,-0.03,72960,65568,-0.04,68230,64985,0.00
"제주특별자치도","전기, 가스, 증기 및 공기 조절 공급업",306375,365495,0.17,248002,349266,-0.07,228798,321341,-0.10,299949,353260,0.11,213099,376385,0.10
"제주특별자치도","건설업",2283830,2145254,1.25,1958260,1752148,-2.09,1831012,1560731,-1.07,1507163,1257515,-1.75,1275113,1028798,-1.40
"제주특별자치도","서비스업",12774381,12322284,2.21,13599039,12975082,3.39,14209875,13485756,2.67,13528641,12627736,-4.45,14252445,13066189,2.39
"제주특별자치도","　도매 및 소매업",1342642,1298180,0.27,1371766,1329974,0.16,1387698,1376188,0.24,1111021,1124495,-1.25,1134670,1128049,0.02
"제주특별자치도","　운수 및 창고업",823130,831741,-0.72,902484,966402,0.67,886011,941866,-0.11,705047,632113,-1.43,848085,739088,0.61
"제주특별자치도","　숙박 및 음식점업",1094171,1031460,0.04,1184246,1093302,0.33,1260099,1151363,0.31,1092474,1011399,-0.75,1227904,1110932,0.55
"제주특별자치도","　정보통신업",1022193,1001472,0.44,1115198,1087121,0.44,1150745,1127031,0.20,1169743,1105716,-0.11,1101962,1012254,-0.50
"제주특별자치도","　금융 및 보험업",931616,907745,0.41,1002344,961979,0.28,1017431,1014503,0.27,1025219,1059846,0.22,1112684,1107481,0.23
"제주특별자치도","　부동산업",1439741,1396828,0.12,1488521,1435596,0.20,1496970,1431874,-0.02,1459863,1386116,-0.24,1442041,1405988,0.11
"제주특별자치도","　사업서비스업",1258718,1217466,0.28,1331488,1257384,0.21,1482039,1377833,0.64,1324935,1191125,-0.99,1399107,1227445,0.21
"제주특별자치도","　공공 행정, 국방 및 사회보장 행정",2068881,1960080,0.93,2233804,2047529,0.46,2380326,2143688,0.52,2511076,2223337,0.44,2622587,2255238,0.18
"제주특별자치도","　교육 서비스업",1120886,1079342,0.19,1176356,1115534,0.19,1246321,1150369,0.18,1256545,1149272,-0.01,1350220,1219769,0.39
"제주특별자치도","　보건업 및 사회복지 서비스업",900202,865416,0.23,961346,919284,0.28,1059969,1008168,0.46,1096382,1023132,0.08,1172171,1085436,0.34
"제주특별자치도","　문화 및 기타서비스업",772201,739375,0.01,831486,772662,0.17,842266,766752,-0.03,776336,690505,-0.41,841014,735853,0.26
