"시도별","경제활동별",2002,2002,2002,2003,2003,2003,2004,2004,2004,2005,2005,2005,2006,2006,2006,2007,2007,2007,2008,2008,2008,2009,2009,2009,2010,2010,2010,2011,2011,2011,2012,2012,2012,2013,2013,2013,2014,2014,2014,2015,2015,2015,2016,2016,2016,2017,2017,2017,2018,2018,2018,2019,2019,2019,2020,2020,2020,2021,2021,2021
"시도별","경제활동별",실질,실질,실질,실질,실질,실질,실질,실질,실질,실질,실질,실질,실질,실질,실질,실질,실질,실질,실질,실질,실질,실질,실질,실질,실질,실질,실질,실질,실질,실질,실질,실질,실질,실질,실질,실질,실질,실질,실질,실질,실질,실질,실질,실질,실질,실질,실질,실질,실질,실질,실질,실질,실질,실질,실질,실질,실질,실질,실질,실질
"시도별","경제활동별",원데이터,전년 대비 증감,증감률,원데이터,전년 대비 증감,증감률,원데이터,전년 대비 증감,증감률,원데이터,전년 대비 증감,증감률,원데이터,전년 대비 증감,증감률,원데이터,전년 대비 증감,증감률,원데이터,전년 대비 증감,증감률,원데이터,전년 대비 증감,증감률,원데이터,전년 대비 증감,증감률,원데이터,전년 대비 증감,증감률,원데이터,전년 대비 증감,증감률,원데이터,전년 대비 증감,증감률,원데이터,전년 대비 증감,증감률,원데이터,전년 대비 증감,증감률,원데이터,전년 대비 증감,증감률,원데이터,전년 대비 증감,증감률,원데이터,전년 대비 증감,증감률,원데이터,전년 대비 증감,증감률,원데이터,전년 대비 증감,증감률,원데이터,전년 대비 증감,증감률
"전국","지역내총생산(시장가격)",1020790393,66523461,7.0,1058162561,37372168,3.7,1106646717,48484156,4.6,1157478093,50831376,4.6,1220355850,62877757,5.4,1290847174,70491324,5.8,1325847750,35000576,2.7,1338962852,13115102,1.0,1432683907,93721055,7.0,1484628137,51944230,3.6,1519358867,34730730,2.3,1566633412,47274545,3.1,1615774616,49141204,3.1,1660844316,45069700,2.8,1709742565,48898249,2.9,1762932983,53190418,3.1,1814075680,51142697,2.9,1854370144,40294464,2.2,1842426414,-11943730,-0.6,1922065762,79639348,4.3
"전국","농업, 임업 및 어업",26660348,-1144536,-4.1,25420784,-1239564,-4.6,26728609,1307825,5.1,26763527,34918,0.1,27401992,638465,2.4,28744198,1342206,4.9,30547882,1803684,6.3,31750333,1202451,3.9,30541261,-1209072,-3.8,30411978,-129283,-0.4,30060779,-351199,-1.2,31374217,1313438,4.4,33095772,1721555,5.5,33229204,133432,0.4,31374753,-1854451,-5.6,31958788,584035,1.9,32088872,130084,0.4,33304894,1216022,3.8,31318218,-1986676,-6.0,33032148,1713930,5.5
"전국","광제조업",231897430,19901680,9.4,243606317,11708887,5.0,266798321,23192004,9.5,280587351,13789030,5.2,303879777,23292426,8.3,325420302,21540525,7.1,335037884,9617582,3.0,331608823,-3429061,-1.0,385572468,53963645,16.3,405492515,19920047,5.2,411067926,5575411,1.4,423557535,12489609,3.0,436892108,13334573,3.1,443915936,7023828,1.6,454391818,10475882,2.4,471164025,16772207,3.7,486333518,15169493,3.2,491611195,5277677,1.1,486282698,-5328497,-1.1,520565042,34282344,7.0
"전국","전기, 가스, 증기 및 공기 조절 공급업",23392812,1542390,7.1,24231818,839006,3.6,25933072,1701254,7.0,28338549,2405477,9.3,28950379,611830,2.2,29910917,960538,3.3,30826981,916064,3.1,31798315,971334,3.2,33379520,1581205,5.0,32727988,-651532,-2.0,32686957,-41031,-0.1,30816231,-1870726,-5.7,31357770,541539,1.8,32213848,856078,2.7,31922566,-291282,-0.9,34823268,2900702,9.1,34106058,-717210,-2.1,36292153,2186095,6.4,38239540,1947387,5.4,39488858,1249318,3.3
"전국","건설업",70560227,2061138,3.0,76308009,5747782,8.1,78685388,2377379,3.1,78967149,281761,0.4,79761359,794210,1.0,81287770,1526411,1.9,78628070,-2659700,-3.3,79457279,829209,1.1,76341064,-3116215,-3.9,72471845,-3869219,-5.1,72305168,-166677,-0.2,75328953,3023785,4.2,76438790,1109837,1.5,81138871,4700081,6.1,89153125,8014254,9.9,94379040,5225915,5.9,91963521,-2415519,-2.6,89242007,-2721514,-3.0,88096851,-1145156,-1.3,86414411,-1682440,-1.9
"전국","서비스업",577245207,39005027,7.2,596175615,18930408,3.3,614390817,18215202,3.1,641192869,26802052,4.4,672914432,31721563,4.9,712127182,39212750,5.8,740440878,28313696,4.0,757593254,17152376,2.3,791947024,34353770,4.5,821975789,30028765,3.8,848982945,27007156,3.3,878911654,29928709,3.5,905547830,26636176,3.0,933109468,27561638,3.0,959660145,26550677,2.8,983230124,23569979,2.5,1019793473,36563349,3.7,1054254425,34460952,3.4,1047210744,-7043681,-0.7,1087175472,39964728,3.8
"서울특별시","지역내총생산(시장가격)",261328220,16909326,6.9,266033918,4705698,1.8,269197325,3163407,1.2,280676032,11478707,4.3,292392945,11716913,4.2,309525926,17132981,5.9,317128072,7602146,2.5,321873162,4745090,1.5,333249300,11376138,3.5,343756313,10507013,3.2,348568408,4812095,1.4,354319250,5750842,1.6,359661759,5342509,1.5,370167867,10506108,2.9,380679274,10511407,2.8,389584629,8905355,2.3,403605888,14021259,3.6,414092568,10486680,2.6,417638547,3545979,0.9,431678812,14040265,3.4
"서울특별시","농업, 임업 및 어업",496660,-166837,-25.1,514102,17442,3.5,410524,-103578,-20.1,513258,102734,25.0,534991,21733,4.2,558547,23556,4.4,679150,120603,21.6,596405,-82745,-12.2,561298,-35107,-5.9,531540,-29758,-5.3,615150,83610,15.7,531723,-83427,-13.6,511029,-20694,-3.9,391224,-119805,-23.4,389413,-1811,-0.5,395667,6254,1.6,452836,57169,14.4,432413,-20423,-4.5,390334,-42079,-9.7,440369,50035,12.8
"서울특별시","광제조업",12651520,1818481,16.8,13701890,1050370,8.3,12484280,-1217610,-8.9,13309453,825173,6.6,14406690,1097237,8.2,15357472,950782,6.6,14837159,-520313,-3.4,14422472,-414687,-2.8,15836771,1414299,9.8,16000746,163975,1.0,17847617,1846871,11.5,16933168,-914449,-5.1,17053820,120652,0.7,16672919,-380901,-2.2,16067868,-605051,-3.6,15373098,-694770,-4.3,15102708,-270390,-1.8,15219675,116967,0.8,14181374,-1038301,-6.8,14933432,752058,5.3
"서울특별시","전기, 가스, 증기 및 공기 조절 공급업",3541981,-40686,-1.1,3297524,-244457,-6.9,3480727,183203,5.6,3738520,257793,7.4,3599886,-138634,-3.7,4186759,586873,16.3,3345753,-841006,-20.1,3397234,51481,1.5,2831323,-565911,-16.7,2884827,53504,1.9,2957059,72232,2.5,2273071,-683988,-23.1,1728204,-544867,-24.0,1704435,-23769,-1.4,1838816,134381,7.9,1912500,73684,4.0,1994744,82244,4.3,2315887,321143,16.1,2790705,474818,20.5,2887553,96848,3.5
"서울특별시","건설업",13663424,896442,7.0,14689420,1025996,7.5,15191362,501942,3.4,13988174,-1203188,-7.9,12796897,-1191277,-8.5,12521108,-275789,-2.2,11570149,-950959,-7.6,11251801,-318348,-2.8,10617646,-634155,-5.6,9730093,-887553,-8.4,9255518,-474575,-4.9,9699990,444472,4.8,10205427,505437,5.2,10478842,273415,2.7,11310791,831949,7.9,11807884,497093,4.4,12142426,334542,2.8,11873481,-268945,-2.2,11757747,-115734,-1.0,10758261,-999486,-8.5
"서울특별시","서비스업",211811540,13426100,6.8,214086101,2274561,1.1,219630986,5544885,2.6,227601553,7970567,3.6,238340194,10738641,4.7,252707799,14367605,6.0,261951941,9244142,3.7,267584864,5632923,2.2,277763808,10178944,3.8,286454760,8690952,3.1,290825564,4370804,1.5,297483905,6658341,2.3,301368097,3884192,1.3,310548505,9180408,3.0,319907372,9358867,3.0,327361401,7454029,2.3,339625359,12263958,3.7,350750750,11125391,3.3,351112823,362073,0.1,363024617,11911794,3.4
"부산광역시","지역내총생산(시장가격)",57866997,2484378,4.5,59924431,2057434,3.6,61227100,1302669,2.2,63032743,1805643,2.9,65299325,2266582,3.6,68944140,3644815,5.6,70785024,1840884,2.7,68336815,-2448209,-3.5,71968834,3632019,5.3,73792908,1824074,2.5,75742868,1949960,2.6,77000292,1257424,1.7,80258570,3258278,4.2,82701497,2442927,3.0,84114530,1413033,1.7,85441974,1327444,1.6,86889875,1447901,1.7,89105372,2215497,2.5,85962709,-3142663,-3.5,87629325,1666616,1.9
"부산광역시","농업, 임업 및 어업",755568,-132886,-15.0,797839,42271,5.6,696490,-101349,-12.7,688671,-7819,-1.1,617780,-70891,-10.3,662505,44725,7.2,716249,53744,8.1,695279,-20970,-2.9,658743,-36536,-5.3,770062,111319,16.9,706658,-63404,-8.2,621934,-84724,-12.0,647998,26064,4.2,532580,-115418,-17.8,509823,-22757,-4.3,508683,-1140,-0.2,441594,-67089,-13.2,391577,-50017,-11.3,414677,23100,5.9,483472,68795,16.6
"부산광역시","광제조업",9365289,671703,7.7,9355320,-9969,-0.1,9741807,386487,4.1,10227839,486032,5.0,10908716,680877,6.7,12272843,1364127,12.5,12832884,560041,4.6,11141038,-1691846,-13.2,13145920,2004882,18.0,13200929,55009,0.4,13378777,177848,1.3,13421731,42954,0.3,14059518,637787,4.8,14955540,896022,6.4,14637867,-317673,-2.1,14342297,-295570,-2.0,14198014,-144283,-1.0,14668393,470379,3.3,13914755,-753638,-5.1,14084007,169252,1.2
"부산광역시","전기, 가스, 증기 및 공기 조절 공급업",1229457,-246468,-16.7,1154041,-75416,-6.1,1481101,327060,28.3,1588364,107263,7.2,1719924,131560,8.3,1697674,-22250,-1.3,1728226,30552,1.8,1478120,-250106,-14.5,1670498,192378,13.0,1601500,-68998,-4.1,1321505,-279995,-17.5,1460411,138906,10.5,1793977,333566,22.8,1869034,75057,4.2,1853719,-15315,-0.8,1622172,-231547,-12.5,1730861,108689,6.7,1675381,-55480,-3.2,2220222,544841,32.5,2195171,-25051,-1.1
"부산광역시","건설업",4207527,100702,2.5,4597815,390288,9.3,5026222,428407,9.3,5007732,-18490,-0.4,4569177,-438555,-8.8,4367859,-201318,-4.4,4243988,-123871,-2.8,3749342,-494646,-11.7,3586466,-162876,-4.3,3644714,58248,1.6,4088890,444176,12.2,4008389,-80501,-2.0,4070932,62543,1.6,4095585,24653,0.6,4600841,505256,12.3,4819775,218934,4.8,4868200,48425,1.0,4838008,-30192,-0.6,4364889,-473119,-9.8,4242229,-122660,-2.8
"부산광역시","서비스업",37923066,1652740,4.6,39536581,1613515,4.3,40240854,704273,1.8,41190859,950005,2.4,42800782,1609923,3.9,45210804,2410022,5.6,46507635,1296831,2.9,46444032,-63603,-0.1,47859365,1415333,3.0,49081567,1222202,2.6,50725830,1644263,3.4,52044828,1318998,2.6,53772092,1727264,3.3,55236643,1464551,2.7,56295139,1058496,1.9,57790991,1495852,2.7,59421498,1630507,2.8,61140788,1719290,2.9,58828516,-2312272,-3.8,60422431,1593915,2.7
"대구광역시","지역내총생산(시장가격)",35743105,1608302,4.7,36396595,653490,1.8,38364894,1968299,5.4,39039831,674937,1.8,40255437,1215606,3.1,42074727,1819290,4.5,42614503,539776,1.3,41429265,-1185238,-2.8,44114977,2685712,6.5,45657599,1542622,3.5,47367831,1710232,3.7,49036361,1668530,3.5,50329551,1293190,2.6,51822013,1492462,3.0,51823902,1889,0.0,52721214,897312,1.7,53964991,1243777,2.4,54762237,797246,1.5,53668577,-1093660,-2.0,56017462,2348885,4.4
"대구광역시","농업, 임업 및 어업",167435,-16381,-8.9,134143,-33292,-19.9,146709,12566,9.4,160620,13911,9.5,169818,9198,5.7,176494,6676,3.9,169643,-6851,-3.9,181737,12094,7.1,165876,-15861,-8.7,159126,-6750,-4.1,153704,-5422,-3.4,150199,-3505,-2.3,146258,-3941,-2.6,145520,-738,-0.5,150780,5260,3.6,154490,3710,2.5,131637,-22853,-14.8,127377,-4260,-3.2,108574,-18803,-14.8,107249,-1325,-1.2
"대구광역시","광제조업",6350762,456697,7.7,6258773,-91989,-1.4,6746921,488148,7.8,7179779,432858,6.4,7381668,201889,2.8,7801606,419938,5.7,7960048,158442,2.0,7283945,-676103,-8.5,9051861,1767916,24.3,9558826,506965,5.6,10143057,584231,6.1,10540472,397415,3.9,10654144,113672,1.1,10899654,245510,2.3,10621425,-278229,-2.6,10987018,365593,3.4,11423428,436410,4.0,10826910,-596518,-5.2,9916032,-910878,-8.4,10866777,950745,9.6
"대구광역시","전기, 가스, 증기 및 공기 조절 공급업",329005,-37028,-10.1,291402,-37603,-11.4,299904,8502,2.9,302585,2681,0.9,279038,-23547,-7.8,301994,22956,8.2,237715,-64279,-21.3,208138,-29577,-12.4,174450,-33688,-16.2,145322,-29128,-16.7,150912,5590,3.8,185555,34643,23.0,246613,61058,32.9,345374,98761,40.0,372843,27469,8.0,394464,21621,5.8,377427,-17037,-4.3,384650,7223,1.9,542293,157643,41.0,512736,-29557,-5.5
"대구광역시","건설업",2577317,258372,11.1,2595896,18579,0.7,2311319,-284577,-11.0,2530507,219188,9.5,2758993,228486,9.0,3062612,303619,11.0,2889618,-172994,-5.6,2146831,-742787,-25.7,2101394,-45437,-2.1,1972739,-128655,-6.1,1989107,16368,0.8,2424267,435160,21.9,2528618,104351,4.3,2903947,375329,14.8,3002378,98431,3.4,2552943,-449435,-15.0,2358042,-194901,-7.6,2507401,149359,6.3,2972764,465363,18.6,3295073,322309,10.8
"대구광역시","서비스업",23365899,806259,3.6,24136206,770307,3.3,24572223,436017,1.8,25725852,1153629,4.7,26507787,781935,3.0,27696657,1188870,4.5,28234354,537697,1.9,28741247,506893,1.8,29830446,1089199,3.8,30792011,961565,3.2,31815582,1023571,3.3,32495206,679624,2.1,33191073,695867,2.1,33867650,676577,2.0,33933558,65908,0.2,34829479,895921,2.6,35889264,1059785,3.0,36989604,1100340,3.1,36156838,-832766,-2.3,37133028,976190,2.7
"인천광역시","지역내총생산(시장가격)",50972798,4717690,10.2,52157498,1184700,2.3,54987798,2830300,5.4,56922112,1934314,3.5,59522631,2600519,4.6,64675503,5152872,8.7,64033773,-641730,-1.0,63153061,-880712,-1.4,69301148,6148087,9.7,70536942,1235794,1.8,73129842,2592900,3.7,75073082,1943240,2.7,78694187,3621105,4.8,80137506,1443319,1.8,82257112,2119606,2.6,85791563,3534451,4.3,86426825,635262,0.7,87963593,1536768,1.8,84907539,-3056054,-3.5,90325899,5418360,6.4
"인천광역시","농업, 임업 및 어업",444637,12584,2.9,389669,-54968,-12.4,316091,-73578,-18.9,324461,8370,2.6,312150,-12311,-3.8,313087,937,0.3,324915,11828,3.8,305571,-19344,-6.0,257247,-48324,-15.8,249550,-7697,-3.0,245266,-4284,-1.7,246278,1012,0.4,270738,24460,9.9,249679,-21059,-7.8,249483,-196,-0.1,254031,4548,1.8,257548,3517,1.4,283805,26257,10.2,270021,-13784,-4.9,279966,9945,3.7
"인천광역시","광제조업",15635627,1039161,7.1,15920196,284569,1.8,16835037,914841,5.7,16533331,-301706,-1.8,16895612,362281,2.2,17796527,900915,5.3,16767229,-1029298,-5.8,14240084,-2527145,-15.1,17591962,3351878,23.5,17881802,289840,1.6,18195095,313293,1.8,18299892,104797,0.6,18956271,656379,3.6,20151287,1195016,6.3,20612212,460925,2.3,21641905,1029693,5.0,21289440,-352465,-1.6,20608519,-680921,-3.2,21047640,439121,2.1,22912156,1864516,8.9
"인천광역시","전기, 가스, 증기 및 공기 조절 공급업",999188,-54783,-5.2,991946,-7242,-0.7,1269716,277770,28.0,1653807,384091,30.3,2228743,574936,34.8,2279711,50968,2.3,2773796,494085,21.7,2866100,92304,3.3,3440769,574669,20.1,3779564,338795,9.8,4004239,224675,5.9,4100201,95962,2.4,5032687,932486,22.7,4511849,-520838,-10.3,4191747,-320102,-7.1,4355448,163701,3.9,3855800,-499648,-11.5,3984357,128557,3.3,3797453,-186904,-4.7,4130562,333109,8.8
"인천광역시","건설업",2919732,288758,11.0,3139106,219374,7.5,3418601,279495,8.9,3861435,442834,13.0,4022900,161465,4.2,4586365,563465,14.0,4410313,-176052,-3.8,5358001,947688,21.5,5225720,-132281,-2.5,4647332,-578388,-11.1,4086738,-560594,-12.1,4179563,92825,2.3,3873923,-305640,-7.3,3817269,-56654,-1.5,4585024,767755,20.1,4798296,213272,4.7,4431636,-366660,-7.6,4403137,-28499,-0.6,5273314,870177,19.8,6041804,768490,14.6
"인천광역시","서비스업",25945058,3406936,15.1,27198620,1253562,4.8,28643975,1445355,5.3,29540823,896848,3.1,30987780,1446957,4.9,33629991,2642211,8.5,34127494,497503,1.5,35024665,897171,2.6,36690853,1666188,4.8,37739511,1048658,2.9,39970804,2231293,5.9,41796840,1826036,4.6,43711593,1914753,4.6,44119019,407426,0.9,44935088,816069,1.8,46516903,1581815,3.5,48661765,2144862,4.6,50797753,2135988,4.4,46795044,-4002709,-7.9,48497364,1702320,3.6
"광주광역시","지역내총생산(시장가격)",22420270,1591421,7.6,22585186,164916,0.7,23198230,613044,2.7,24953345,1755115,7.6,26193910,1240565,5.0,27392264,1198354,4.6,27791206,398942,1.5,27180608,-610598,-2.2,30457831,3277223,12.1,31011787,553956,1.8,31650181,638394,2.1,32859385,1209204,3.8,34169569,1310184,4.0,34845589,676020,2.0,35933462,1087873,3.1,36384616,451154,1.3,38216077,1831461,5.0,39624032,1407955,3.7,39530642,-93390,-0.2,41257137,1726495,4.4
"광주광역시","농업, 임업 및 어업",208795,-53118,-20.3,201607,-7188,-3.4,196304,-5303,-2.6,166722,-29582,-15.1,164981,-1741,-1.0,171351,6370,3.9,158449,-12902,-7.5,169754,11305,7.1,156303,-13451,-7.9,148818,-7485,-4.8,142887,-5931,-4.0,141909,-978,-0.7,154983,13074,9.2,166544,11561,7.5,146819,-19725,-11.8,142866,-3953,-2.7,132131,-10735,-7.5,126809,-5322,-4.0,91713,-35096,-27.7,102801,11088,12.1
"광주광역시","광제조업",4500978,336226,8.1,4456613,-44365,-1.0,4852955,396342,8.9,6239482,1386527,28.6,6215156,-24326,-0.4,6517306,302150,4.9,6558765,41459,0.6,6053139,-505626,-7.7,8500218,2447079,40.4,8441183,-59035,-0.7,8218091,-223092,-2.6,8502097,284006,3.5,8872232,370135,4.4,9157497,285265,3.2,9151740,-5757,-0.1,9489299,337559,3.7,9762148,272849,2.9,9960031,197883,2.0,10138726,178695,1.8,11036105,897379,8.9
"광주광역시","전기, 가스, 증기 및 공기 조절 공급업",417147,-15265,-3.5,380143,-37004,-8.9,435463,55320,14.6,429945,-5518,-1.3,460380,30435,7.1,568626,108246,23.5,465675,-102951,-18.1,465127,-548,-0.1,486168,21041,4.5,439690,-46478,-9.6,514363,74673,17.0,389120,-125243,-24.3,292157,-96963,-24.9,286621,-5536,-1.9,330644,44023,15.4,360499,29855,9.0,466452,105953,29.4,559019,92567,19.8,601919,42900,7.7,668946,67027,11.1
"광주광역시","건설업",1359870,-31987,-2.3,1531538,171668,12.6,1657719,126181,8.2,1741362,83643,5.0,1932659,191297,11.0,1888089,-44570,-2.3,1849070,-39019,-2.1,1421146,-427924,-23.1,1261351,-159795,-11.2,1208366,-52985,-4.2,1384411,176045,14.6,1601549,217138,15.7,1536506,-65043,-4.1,1403575,-132931,-8.7,1518245,114670,8.2,1492858,-25387,-1.7,1669442,176584,11.8,1627794,-41648,-2.5,1819536,191742,11.8,1852024,32488,1.8
"광주광역시","서비스업",14251692,1352043,10.5,14402967,151275,1.1,14557410,154443,1.1,14972350,414940,2.9,15882717,910367,6.1,16705283,822566,5.2,17176093,470810,2.8,17447509,271416,1.6,18172732,725223,4.2,18765465,592733,3.3,19385352,619887,3.3,20099450,714098,3.7,20908232,808782,4.0,21416287,508055,2.4,22261680,845393,3.9,22784124,522444,2.3,23510008,725884,3.2,24610472,1100464,4.7,24158973,-451499,-1.8,24966967,807994,3.3
"대전광역시","지역내총생산(시장가격)",25497366,1683792,7.1,26757005,1259639,4.9,27540951,783946,2.9,28061744,520793,1.9,29074607,1012863,3.6,29906786,832179,2.9,30273625,366839,1.2,31068315,794690,2.6,33247905,2179590,7.0,34446444,1198539,3.6,34977219,530775,1.5,35375467,398248,1.1,36081650,706183,2.0,37162614,1080964,3.0,38456557,1293943,3.5,38772485,315928,0.8,39135729,363244,0.9,40684092,1548363,4.0,41208249,524157,1.3,42500095,1291846,3.1
"대전광역시","농업, 임업 및 어업",77733,-2722,-3.4,69502,-8231,-10.6,67905,-1597,-2.3,62370,-5535,-8.2,60301,-2069,-3.3,61345,1044,1.7,59261,-2084,-3.4,55391,-3870,-6.5,47390,-8001,-14.4,50304,2914,6.1,47254,-3050,-6.1,41992,-5262,-11.1,38289,-3703,-8.8,37770,-519,-1.4,37052,-718,-1.9,37521,469,1.3,35306,-2215,-5.9,35167,-139,-0.4,34368,-799,-2.3,38402,4034,11.7
"대전광역시","광제조업",4523814,514256,12.8,4123764,-400050,-8.8,4566979,443215,10.7,4274431,-292548,-6.4,4583651,309220,7.2,4895298,311647,6.8,4425142,-470156,-9.6,4386900,-38242,-0.9,5044399,657499,15.0,5081475,37076,0.7,5469230,387755,7.6,5659325,190095,3.5,6001056,341731,6.0,6548595,547539,9.1,6607363,58768,0.9,6475709,-131654,-2.0,6258808,-216901,-3.3,6520285,261477,4.2,6609013,88728,1.4,6936783,327770,5.0
"대전광역시","전기, 가스, 증기 및 공기 조절 공급업",592442,-2178,-0.4,537943,-54499,-9.2,644380,106437,19.8,631711,-12669,-2.0,640609,8898,1.4,699259,58650,9.2,610964,-88295,-12.6,600357,-10607,-1.7,534375,-65982,-11.0,514709,-19666,-3.7,609620,94911,18.4,457882,-151738,-24.9,314834,-143048,-31.2,315408,574,0.2,363332,47924,15.2,399444,36112,9.9,480451,81007,20.3,585233,104782,21.8,656220,70987,12.1,638690,-17530,-2.7
"대전광역시","건설업",1702967,95289,5.9,2034698,331731,19.5,2055164,20466,1.0,1991114,-64050,-3.1,1916986,-74128,-3.7,1578195,-338791,-17.7,1506333,-71862,-4.6,1559039,52706,3.5,1777328,218289,14.0,1688955,-88373,-5.0,1496494,-192461,-11.4,1524079,27585,1.8,1308053,-216026,-14.2,1319758,11705,0.9,1492235,172477,13.1,1449541,-42694,-2.9,1435544,-13997,-1.0,1591750,156206,10.9,1739903,148153,9.3,1889164,149261,8.6
"대전광역시","서비스업",16632459,915867,5.8,17928686,1296227,7.8,18197336,268650,1.5,19242598,1045262,5.7,19951873,709275,3.7,20955259,1003386,5.0,21855893,900634,4.3,22750172,894279,4.1,23983569,1233397,5.4,24978989,995420,4.2,25316508,337519,1.4,25608430,291922,1.2,26021624,413194,1.6,26550970,529346,2.0,27399078,848108,3.2,27837391,438313,1.6,28402523,565132,2.0,29281188,878665,3.1,29492798,211610,0.7,30194473,701675,2.4
"울산광역시","지역내총생산(시장가격)",55068266,4644814,9.2,54100049,-968217,-1.8,59706880,5606831,10.4,61626834,1919954,3.2,62869561,1242727,2.0,65950587,3081026,4.9,64401338,-1549249,-2.3,63392764,-1008574,-1.6,66254235,2861471,4.5,71517190,5262955,7.9,71957705,440515,0.6,72322408,364703,0.5,72408971,86563,0.1,72854409,445438,0.6,73477668,623259,0.9,72968962,-508706,-0.7,71344390,-1624572,-2.2,72024599,680209,1.0,67136435,-4888164,-6.8,69523278,2386843,3.6
"울산광역시","농업, 임업 및 어업",158064,-6612,-4.0,109547,-48517,-30.7,141324,31777,29.0,156527,15203,10.8,154822,-1705,-1.1,169948,15126,9.8,165046,-4902,-2.9,179907,14861,9.0,155284,-24623,-13.7,163807,8523,5.5,153122,-10685,-6.5,167651,14529,9.5,183273,15622,9.3,161276,-21997,-12.0,157943,-3333,-2.1,158628,685,0.4,148260,-10368,-6.5,136186,-12074,-8.1,129266,-6920,-5.1,146990,17724,13.7
"울산광역시","광제조업",27302494,1905785,7.5,27660856,358362,1.3,32385573,4724717,17.1,32459841,74268,0.2,32852206,392365,1.2,33950358,1098152,3.3,34799194,848836,2.5,34677390,-121804,-0.4,35572978,895588,2.6,40767400,5194422,14.6,38986785,-1780615,-4.4,38238655,-748130,-1.9,37498178,-740477,-1.9,37862770,364592,1.0,37803591,-59179,-0.2,36420554,-1383037,-3.7,35843060,-577494,-1.6,36875230,1032170,2.9,33731749,-3143481,-8.5,35144111,1412362,4.2
"울산광역시","전기, 가스, 증기 및 공기 조절 공급업",831520,-126139,-13.2,893596,62076,7.5,1150314,256718,28.7,1170246,19932,1.7,1275033,104787,9.0,1296218,21185,1.7,1064647,-231571,-17.9,1104725,40078,3.8,1221555,116830,10.6,1163959,-57596,-4.7,1490295,326336,28.0,1653751,163456,11.0,1807919,154168,9.3,1860348,52429,2.9,1773267,-87081,-4.7,2024633,251366,14.2,1627138,-397495,-19.6,1976375,349237,21.5,2330972,354597,17.9,2314509,-16463,-0.7
"울산광역시","건설업",1619495,58231,3.7,1832683,213188,13.2,1707354,-125329,-6.8,1796376,89022,5.2,2286691,490315,27.3,3138182,851491,37.2,2791938,-346244,-11.0,2392101,-399837,-14.3,2285767,-106334,-4.4,2091164,-194603,-8.5,2420330,329166,15.7,2727804,307474,12.7,2462675,-265129,-9.7,2514887,52212,2.1,2785832,270945,10.8,3564908,779076,28.0,3029518,-535390,-15.0,2303180,-726338,-24.0,2089984,-213196,-9.3,1865790,-224194,-10.7
"울산광역시","서비스업",10233812,1090466,11.9,10304153,70341,0.7,10687836,383683,3.7,11192198,504362,4.7,11839725,647527,5.8,12193298,353573,3.0,12736099,542801,4.5,12776748,40649,0.3,13343817,567069,4.4,13956709,612892,4.6,14859685,902976,6.5,15920772,1061087,7.1,16759241,838469,5.3,17796900,1037659,6.2,17919008,122108,0.7,17873475,-45533,-0.3,18034345,160870,0.9,18258586,224241,1.2,17888902,-369684,-2.0,18440677,551775,3.1
"세종특별자치시","지역내총생산(시장가격)",-,-,-,-,-,-,-,-,-,-,-,-,-,-,-,-,-,-,-,-,-,-,-,-,-,-,-,-,-,-,-,-,-,6883305,,,8635120,1751815,25.5,9261543,626423,7.3,9729904,468361,5.1,10140164,410260,4.2,10423610,283446,2.8,11091040,667430,6.4,11647981,556941,5.0,12509390,861409,7.4
"세종특별자치시","농업, 임업 및 어업",-,-,-,-,-,-,-,-,-,-,-,-,-,-,-,-,-,-,-,-,-,-,-,-,-,-,-,-,-,-,-,-,-,190454,,,224143,33689,17.7,191583,-32560,-14.5,208827,17244,9.0,233362,24535,11.7,191458,-41904,-18.0,162276,-29182,-15.2,141132,-21144,-13.0,153712,12580,8.9
"세종특별자치시","광제조업",-,-,-,-,-,-,-,-,-,-,-,-,-,-,-,-,-,-,-,-,-,-,-,-,-,-,-,-,-,-,-,-,-,2256257,,,2393118,136861,6.1,2310713,-82405,-3.4,2319543,8830,0.4,2267707,-51836,-2.2,2252771,-14936,-0.7,2405584,152813,6.8,2724362,318778,13.3,2991128,266766,9.8
"세종특별자치시","전기, 가스, 증기 및 공기 조절 공급업",-,-,-,-,-,-,-,-,-,-,-,-,-,-,-,-,-,-,-,-,-,-,-,-,-,-,-,-,-,-,-,-,-,156457,,,168150,11693,7.5,169193,1043,0.6,162323,-6870,-4.1,193225,30902,19.0,175862,-17363,-9.0,147443,-28419,-16.2,224472,77029,52.2,232962,8490,3.8
"세종특별자치시","건설업",-,-,-,-,-,-,-,-,-,-,-,-,-,-,-,-,-,-,-,-,-,-,-,-,-,-,-,-,-,-,-,-,-,1351858,,,1696432,344574,25.5,1517706,-178726,-10.5,1656834,139128,9.2,1561125,-95709,-5.8,1456476,-104649,-6.7,1323239,-133237,-9.1,1092471,-230768,-17.4,1010786,-81685,-7.5
"세종특별자치시","서비스업",-,-,-,-,-,-,-,-,-,-,-,-,-,-,-,-,-,-,-,-,-,-,-,-,-,-,-,-,-,-,-,-,-,2494331,,,3540995,1046664,42.0,4327707,786712,22.2,4638282,310575,7.2,5040089,401807,8.7,5531561,491472,9.8,6217793,686232,12.4,6682919,465126,7.5,7343913,660994,9.9
"경기도","지역내총생산(시장가격)",186126487,14683372,8.6,196745165,10618678,5.7,208742156,11996991,6.1,222816035,14073879,6.7,242756988,19940953,8.9,255550481,12793493,5.3,268221081,12670600,5.0,273835863,5614782,2.1,300716256,26880393,9.8,313748238,13031982,4.3,327820620,14072382,4.5,346430719,18610099,5.7,362159526,15728807,4.5,381978306,19818780,5.5,399827962,17849656,4.7,426172886,26344924,6.6,451914662,25741776,6.0,462288338,10373676,2.3,470022670,7734332,1.7,498358681,28336011,6.0
"경기도","농업, 임업 및 어업",3000280,-34523,-1.1,2749883,-250397,-8.3,2846230,96347,3.5,2853518,7288,0.3,2958078,104560,3.7,3034823,76745,2.6,3144806,109983,3.6,3256687,111881,3.6,3073106,-183581,-5.6,3014463,-58643,-1.9,2919473,-94990,-3.2,3270723,351250,12.0,3617743,347020,10.6,3521439,-96304,-2.7,3197657,-323782,-9.2,3140614,-57043,-1.8,3198202,57588,1.8,3318432,120230,3.8,3100006,-218426,-6.6,3210592,110586,3.6
"경기도","광제조업",51442649,4591073,9.8,53325119,1882470,3.7,58502768,5177649,9.7,61325671,2822903,4.8,70410114,9084443,14.8,73914969,3504855,5.0,77476614,3561645,4.8,78177766,701152,0.9,95087234,16909468,21.6,101087703,6000469,6.3,105429197,4341494,4.3,114856430,9427233,8.9,119771979,4915549,4.3,128525485,8753506,7.3,134823544,6298059,4.9,148593550,13770006,10.2,161419863,12826313,8.6,164584087,3164224,2.0,171747507,7163420,4.4,187372522,15625015,9.1
"경기도","전기, 가스, 증기 및 공기 조절 공급업",4439329,133768,3.1,4657675,218346,4.9,5200009,542334,11.6,5799823,599814,11.5,5782117,-17706,-0.3,5627404,-154713,-2.7,4890675,-736729,-13.1,5263009,372334,7.6,5614769,351760,6.7,5535024,-79745,-1.4,6784055,1249031,22.6,5763134,-1020921,-15.0,4224674,-1538460,-26.7,4765314,540640,12.8,4747196,-18118,-0.4,5381383,634187,13.4,5531923,150540,2.8,6070008,538085,9.7,6994242,924234,15.2,7400323,406081,5.8
"경기도","건설업",16126680,307730,1.9,16698724,572044,3.5,17408962,710238,4.3,17924775,515813,3.0,17974220,49445,0.3,18008009,33789,0.2,18103164,95155,0.5,19520835,1417671,7.8,18340064,-1180771,-6.0,16911549,-1428515,-7.8,15877622,-1033927,-6.1,16238635,361013,2.3,17856379,1617744,10.0,19835514,1979135,11.1,23664175,3828661,19.3,27105751,3441576,14.5,27485211,379460,1.4,27016066,-469145,-1.7,25566136,-1449930,-5.4,25800603,234467,0.9
"경기도","서비스업",97532531,10061262,11.5,104065387,6532856,6.7,110192345,6126958,5.9,117889193,7696848,7.0,125472570,7583377,6.4,134051803,8579233,6.8,142569749,8517946,6.4,147637754,5068005,3.6,157342690,9704936,6.6,164904502,7561812,4.8,173949183,9044681,5.5,181983968,8034785,4.6,190782587,8798619,4.8,197216290,6433703,3.4,203256554,6040264,3.1,209925441,6668887,3.3,220799798,10874357,5.2,227677158,6877360,3.1,230524783,2847625,1.3,242157561,11632778,5.0
"강원도","지역내총생산(시장가격)",27377155,708243,2.7,28861908,1484753,5.4,29386767,524859,1.8,29695748,308981,1.1,31550828,1855080,6.2,32853097,1302269,4.1,33674653,821556,2.5,33976932,302279,0.9,35452559,1475627,4.3,36296644,844085,2.4,37021010,724366,2.0,38211948,1190938,3.2,40077987,1866039,4.9,40867985,789998,2.0,42047331,1179346,2.9,43761362,1714031,4.1,44574334,812972,1.9,46064137,1489803,3.3,44829136,-1235001,-2.7,46781331,1952195,4.4
"강원도","농업, 임업 및 어업",1425922,28730,2.1,1376688,-49234,-3.5,1410152,33464,2.4,1453102,42950,3.0,1509083,55981,3.9,1699889,190806,12.6,1616672,-83217,-4.9,1807667,190995,11.8,1801938,-5729,-0.3,1769568,-32370,-1.8,1726529,-43039,-2.4,1739514,12985,0.8,2014163,274649,15.8,2105220,91057,4.5,2056741,-48479,-2.3,2103563,46822,2.3,2028071,-75492,-3.6,2175911,147840,7.3,2106673,-69238,-3.2,2170596,63923,3.0
"강원도","광제조업",2812078,-99288,-3.4,2946961,134883,4.8,3075591,128630,4.4,3027149,-48442,-1.6,3225827,198678,6.6,3261072,35245,1.1,3456731,195659,6.0,3360780,-95951,-2.8,3934689,573909,17.1,4051524,116835,3.0,4040249,-11275,-0.3,4161564,121315,3.0,4606055,444491,10.7,4679516,73461,1.6,4918681,239165,5.1,5391948,473267,9.6,5319618,-72330,-1.3,5328618,9000,0.2,5128849,-199769,-3.7,5258973,130124,2.5
"강원도","전기, 가스, 증기 및 공기 조절 공급업",513840,-31759,-5.8,570828,56988,11.1,607200,36372,6.4,524855,-82345,-13.6,660302,135447,25.8,658488,-1814,-0.3,812094,153606,23.3,920151,108057,13.3,1013820,93669,10.2,1149837,136017,13.4,958222,-191615,-16.7,863025,-95197,-9.9,864532,1507,0.2,848462,-16070,-1.9,811348,-37114,-4.4,1065723,254375,31.4,1327592,261869,24.6,1363826,36234,2.7,1064884,-298942,-21.9,1162498,97614,9.2
"강원도","건설업",2940237,194308,7.1,3562604,622367,21.2,3441867,-120737,-3.4,3336241,-105626,-3.1,3544114,207873,6.2,3550093,5979,0.2,3026133,-523960,-14.8,3138255,112122,3.7,2895371,-242884,-7.7,2703845,-191526,-6.6,2916479,212634,7.9,3147604,231125,7.9,3535262,387658,12.3,3695872,160610,4.5,3896827,200955,5.4,3857266,-39561,-1.0,3428645,-428621,-11.1,3492241,63596,1.9,3628057,135816,3.9,3652281,24224,0.7
"강원도","서비스업",17187328,618662,3.7,17929398,742070,4.3,18470282,540884,3.0,19215298,745016,4.0,20158113,942815,4.9,21309479,1151366,5.7,22183036,873557,4.1,22441075,258039,1.2,23554073,1112998,5.0,24255608,701535,3.0,24874509,618901,2.6,25817878,943369,3.8,26436377,618499,2.4,26710198,273821,1.0,27414993,704795,2.6,28345899,930906,3.4,29428171,1082272,3.8,30442976,1014805,3.4,29481125,-961851,-3.2,31083319,1602194,5.4
"충청북도","지역내총생산(시장가격)",29656804,1362750,4.8,30693993,1037189,3.5,33573276,2879283,9.4,33307920,-265356,-0.8,36176510,2868590,8.6,38575637,2399127,6.6,37908674,-666963,-1.7,40008263,2099589,5.5,43503412,3495149,8.7,46066868,2563456,5.9,47647389,1580521,3.4,49519653,1872264,3.9,51596699,2077046,4.2,55191633,3594934,7.0,58380533,3188900,5.8,61953139,3572606,6.1,65830010,3876871,6.3,66927772,1097762,1.7,65926194,-1001578,-1.5,70448338,4522144,6.9
"충청북도","농업, 임업 및 어업",1693879,40435,2.4,1593008,-100871,-6.0,1552713,-40295,-2.5,1557588,4875,0.3,1551969,-5619,-0.4,1591570,39601,2.6,1674213,82643,5.2,1932250,258037,15.4,1806530,-125720,-6.5,1868922,62392,3.5,1879913,10991,0.6,1866711,-13202,-0.7,1826191,-40520,-2.2,2005260,179069,9.8,1884379,-120881,-6.0,1915026,30647,1.6,1873677,-41349,-2.2,1904052,30375,1.6,1701245,-202807,-10.7,1780502,79257,4.7
"충청북도","광제조업",9538298,753092,8.6,9786071,247773,2.6,10990977,1204906,12.3,11115665,124688,1.1,12703764,1588099,14.3,14008447,1304683,10.3,13225001,-783446,-5.6,14294375,1069374,8.1,16739702,2445327,17.1,18181133,1441431,8.6,18765920,584787,3.2,19871328,1105408,5.9,21127430,1256102,6.3,23270404,2142974,10.1,24759349,1488945,6.4,27326275,2566926,10.4,30063268,2736993,10.0,30812789,749521,2.5,30324757,-488032,-1.6,33953458,3628701,12.0
"충청북도","전기, 가스, 증기 및 공기 조절 공급업",255233,-48389,-15.9,312632,57399,22.5,327872,15240,4.9,316346,-11526,-3.5,301630,-14716,-4.7,321625,19995,6.6,172160,-149465,-46.5,228756,56596,32.9,219220,-9536,-4.2,194090,-25130,-11.5,178949,-15141,-7.8,224099,45150,25.2,266398,42299,18.9,335156,68758,25.8,391658,56502,16.9,458089,66431,17.0,449567,-8522,-1.9,459070,9503,2.1,749203,290133,63.2,759148,9945,1.3
"충청북도","건설업",2185150,-197304,-8.3,2315973,130823,6.0,2244717,-71256,-3.1,2692928,448211,20.0,2986303,293375,10.9,3050210,63907,2.1,2653174,-397036,-13.0,2811597,158423,6.0,2981961,170364,6.1,2748529,-233432,-7.8,2696530,-51999,-1.9,2715223,18693,0.7,2666022,-49201,-1.8,2791510,125488,4.7,3265582,474072,17.0,3574102,308520,9.4,4118895,544793,15.2,3579025,-539870,-13.1,3142334,-436691,-12.2,3064922,-77412,-2.5
"충청북도","서비스업",13511338,588562,4.6,14089947,578609,4.3,14570215,480268,3.4,15252358,682143,4.7,15950610,698252,4.6,16844616,894006,5.6,17401217,556601,3.3,17820892,419675,2.4,18692029,871137,4.9,19846079,1154050,6.2,20643341,797262,4.0,21291848,648507,3.1,22029158,737310,3.5,22560687,531529,2.4,23391820,831133,3.7,23880182,488362,2.1,24393966,513784,2.2,25195723,801757,3.3,25214568,18845,0.1,26392855,1178287,4.7
"충청남도","지역내총생산(시장가격)",50205811,3772950,8.1,55468963,5263152,10.5,60583607,5114644,9.2,66603884,6020277,9.9,72238019,5634135,8.5,76413497,4175478,5.8,80523469,4109972,5.4,82604137,2080668,2.6,92056862,9452725,11.4,98515870,6459008,7.0,99219568,703698,0.7,97403497,-1816071,-1.8,100199403,2795906,2.9,101299131,1099728,1.1,104503363,3204232,3.2,110165655,5662292,5.4,110873163,707508,0.6,112310782,1437619,1.3,112762058,451276,0.4,118487227,5725169,5.1
"충청남도","농업, 임업 및 어업",3347072,-176357,-5.0,3286971,-60101,-1.8,3450400,163429,5.0,3398912,-51488,-1.5,3551777,152865,4.5,3600562,48785,1.4,3977946,377384,10.5,4066800,88854,2.2,3939689,-127111,-3.1,3876085,-63604,-1.6,3934058,57973,1.5,3929989,-4069,-0.1,4455458,525469,13.4,4495906,40448,0.9,4062777,-433129,-9.6,4057495,-5282,-0.1,4017635,-39860,-1.0,4227809,210174,5.2,3960571,-267238,-6.3,4381415,420844,10.6
"충청남도","광제조업",19472566,2404291,14.1,21568656,2096090,10.8,24304007,2735351,12.7,27326277,3022270,12.4,31191353,3865076,14.1,33542646,2351293,7.5,35647490,2104844,6.3,37251047,1603557,4.5,43588158,6337111,17.0,48448127,4859969,11.1,47914567,-533560,-1.1,46132511,-1782056,-3.7,47197788,1065277,2.3,46313619,-884169,-1.9,48356088,2042469,4.4,52762844,4406756,9.1,53872702,1109858,2.1,54242035,369333,0.7,54765430,523395,1.0,58605482,3840052,7.0
"충청남도","전기, 가스, 증기 및 공기 조절 공급업",3028500,992062,48.7,3173368,144868,4.8,2954205,-219163,-6.9,3074118,119913,4.1,2978226,-95892,-3.1,3149813,171587,5.8,4235717,1085904,34.5,4656017,420300,9.9,4734399,78382,1.7,4645048,-89351,-1.9,3952982,-692066,-14.9,4180859,227877,5.8,4775490,594631,14.2,4832875,57385,1.2,4656937,-175938,-3.6,5396813,739876,15.9,5091934,-304879,-5.6,5280521,188587,3.7,4920541,-359980,-6.8,4877301,-43240,-0.9
"충청남도","건설업",3482149,-361941,-9.4,4180791,698642,20.1,4910425,729634,17.5,5345558,435133,8.9,5524377,178819,3.3,5395292,-129085,-2.3,5873517,478225,8.9,5900349,26832,0.5,6135847,235498,4.0,6157535,21688,0.4,6557245,399710,6.5,5701804,-855441,-13.0,5482737,-219067,-3.8,6179099,696362,12.7,6260429,81330,1.3,6171211,-89218,-1.4,5334840,-836371,-13.6,4951911,-382929,-7.2,5315629,363718,7.3,5384530,68901,1.3
"충청남도","서비스업",17212266,662878,4.0,18133096,920830,5.3,18988124,855028,4.7,20156825,1168701,6.2,21176574,1019749,5.1,22480861,1304287,6.2,23290920,810059,3.6,24183528,892608,3.8,25632115,1448587,6.0,26665167,1033052,4.0,27065494,400327,1.5,27851071,785577,2.9,28591697,740626,2.7,29614025,1022328,3.6,30928141,1314116,4.4,31221463,293322,0.9,32054897,833434,2.7,33355941,1301044,4.1,33747565,391624,1.2,34853464,1105899,3.3
"전라북도","지역내총생산(시장가격)",32419090,953828,3.0,32768805,349715,1.1,33844818,1076013,3.3,34414457,569639,1.7,36053645,1639188,4.8,37890302,1836657,5.1,39294329,1404027,3.7,39655937,361608,0.9,41674930,2018993,5.1,43285951,1611021,3.9,43728235,442284,1.0,45637671,1909436,4.4,46567890,930219,2.0,47018028,450138,1.0,46664550,-353478,-0.8,47553099,888549,1.9,48350793,797694,1.7,49506041,1155248,2.4,49116252,-389789,-0.8,50636383,1520131,3.1
"전라북도","농업, 임업 및 어업",2612083,-249448,-8.7,2567604,-44479,-1.7,2947821,380217,14.8,2748814,-199007,-6.8,2860080,111266,4.0,3139160,279080,9.8,3321020,181860,5.8,3598101,277081,8.3,3255747,-342354,-9.5,3427460,171713,5.3,3136776,-290684,-8.5,3513502,376726,12.0,3666925,153423,4.4,3676762,9837,0.3,3366254,-310508,-8.4,3463763,97509,2.9,3420221,-43542,-1.3,3526160,105939,3.1,3244946,-281214,-8.0,3388397,143451,4.4
"전라북도","광제조업",7423592,317646,4.5,7430008,6416,0.1,8135067,705059,9.5,8152264,17197,0.2,8533045,380781,4.7,9142276,609231,7.1,9366668,224392,2.5,8917140,-449528,-4.8,10523450,1606310,18.0,10961533,438083,4.2,10824914,-136619,-1.2,11440011,615097,5.7,11609021,169010,1.5,11736784,127763,1.1,11125396,-611388,-5.2,11179097,53701,0.5,11152811,-26286,-0.2,10834401,-318410,-2.9,10393717,-440684,-4.1,11119409,725692,7.0
"전라북도","전기, 가스, 증기 및 공기 조절 공급업",465143,-102971,-18.1,590729,125586,27.0,609914,19185,3.2,624372,14458,2.4,709029,84657,13.6,789379,80350,11.3,782641,-6738,-0.9,897018,114377,14.6,1424976,527958,58.9,1456471,31495,2.2,1678443,221972,15.2,1489188,-189255,-11.3,1322298,-166890,-11.2,1213444,-108854,-8.2,1219885,6441,0.5,1286287,66402,5.4,1196921,-89366,-6.9,1266431,69510,5.8,1469288,202857,16.0,1480941,11653,0.8
"전라북도","건설업",2679259,-266883,-9.1,2831421,152162,5.7,2599864,-231557,-8.2,2799457,199593,7.7,3179656,380199,13.6,3007973,-171683,-5.4,3284511,276538,9.2,3311962,27451,0.8,2967140,-344822,-10.4,2881225,-85915,-2.9,3018343,137118,4.8,3250199,231856,7.7,3238712,-11487,-0.4,3007885,-230827,-7.1,2806022,-201863,-6.7,2991385,185363,6.6,3136099,144714,4.8,3148614,12515,0.4,3171486,22872,0.7,2993225,-178261,-5.6
"전라북도","서비스업",16521376,1337605,8.8,16838594,317218,1.9,16984287,145693,0.9,17332108,347821,2.0,17928243,596135,3.4,18844104,915861,5.1,19481270,637166,3.4,20040224,558954,2.9,20863869,823645,4.1,21629368,765499,3.7,22296786,667418,3.1,23037376,740590,3.3,23642752,605376,2.6,24012839,370087,1.6,24729785,716946,3.0,25243380,513595,2.1,25964735,721355,2.9,26953059,988324,3.8,26866560,-86499,-0.3,27749003,882443,3.3
"전라남도","지역내총생산(시장가격)",52071978,2607936,5.3,52730314,658336,1.3,55586311,2855997,5.4,56104942,518631,0.9,57944653,1839711,3.3,61058914,3114261,5.4,61841218,782304,1.3,61529089,-312129,-0.5,67644440,6115351,9.9,66697766,-946674,-1.4,67142356,444590,0.7,68435908,1293552,1.9,68405097,-30811,0.0,68878376,473279,0.7,70449724,1571348,2.3,71340179,890455,1.3,72888289,1548110,2.2,74618019,1729730,2.4,74972494,354475,0.5,76965787,1993293,2.7
"전라남도","농업, 임업 및 어업",3863533,-360548,-8.5,3900431,36898,1.0,4236895,336464,8.6,4087561,-149334,-3.5,4203075,115514,2.8,4366457,163382,3.9,4574404,207947,4.8,4621636,47232,1.0,4613009,-8627,-0.2,4592208,-20801,-0.5,4417020,-175188,-3.8,4746954,329934,7.5,4806633,59679,1.3,4782460,-24173,-0.5,4742797,-39663,-0.8,4873725,130928,2.8,5105560,231835,4.8,5285947,180387,3.5,5060776,-225171,-4.3,5421895,361119,7.1
"전라남도","광제조업",14968321,-70555,-0.5,16735518,1767197,11.8,19310066,2574548,15.4,19001802,-308264,-1.6,19746205,744403,3.9,20306953,560748,2.8,21526511,1219558,6.0,18799326,-2727185,-12.7,23739829,4940503,26.3,22774200,-965629,-4.1,22391285,-382915,-1.7,22958085,566800,2.5,22470680,-487405,-2.1,21957462,-513218,-2.3,22480656,523194,2.4,22805486,324830,1.4,22915492,110006,0.5,22722374,-193118,-0.8,21970001,-752373,-3.3,23115051,1145050,5.2
"전라남도","전기, 가스, 증기 및 공기 조절 공급업",1613431,310480,23.8,1921260,307829,19.1,1980970,59710,3.1,2418843,437873,22.1,2280612,-138231,-5.7,2453681,173069,7.6,2840212,386531,15.8,2696789,-143423,-5.0,2843983,147194,5.5,2334938,-509045,-17.9,2024567,-310371,-13.3,2079166,54599,2.7,2751912,672746,32.4,2944529,192617,7.0,2881902,-62627,-2.1,3105237,223335,7.7,2899883,-205354,-6.6,2882841,-17042,-0.6,2904229,21388,0.7,2976258,72029,2.5
"전라남도","건설업",4148624,197956,5.0,4120338,-28286,-0.7,4295309,174971,4.2,4383581,88272,2.1,4424049,40468,0.9,5036041,611992,13.8,4802049,-233992,-4.6,5530959,728910,15.2,4815027,-715932,-12.9,5241116,426089,8.8,5334302,93186,1.8,4754683,-579619,-10.9,4274049,-480634,-10.1,4334986,60937,1.4,4251351,-83635,-1.9,4091976,-159375,-3.7,4277662,185686,4.5,5071273,793611,18.6,5717796,646523,12.7,4935111,-782685,-13.7
"전라남도","서비스업",17390804,798111,4.8,17365959,-24845,-0.1,17575129,209170,1.2,18513369,938240,5.3,19513344,999975,5.4,20405604,892260,4.6,21252045,846441,4.1,21575717,323672,1.5,22566461,990744,4.6,23154068,587607,2.6,23923279,769211,3.3,24801436,878157,3.7,25592939,791503,3.2,26594578,1001639,3.9,27340364,745786,2.8,27900363,559999,2.0,28939552,1039189,3.7,30294553,1355001,4.7,30338782,44229,0.1,31325700,986918,3.3
"경상북도","지역내총생산(시장가격)",60328507,3838401,6.8,65372870,5044363,8.4,69948144,4575274,7.0,74596282,4648138,6.6,77440727,2844445,3.8,83621419,6180692,8.0,86102708,2481289,3.0,85724356,-378352,-0.4,92044050,6319694,7.4,94466406,2422356,2.6,95229383,762977,0.8,98842637,3613254,3.8,105901155,7058518,7.1,103120174,-2780981,-2.6,105745496,2625322,2.5,104429785,-1315711,-1.2,103149107,-1280678,-1.2,104417627,1268520,1.2,101370158,-3047469,-2.9,105224262,3854104,3.8
"경상북도","농업, 임업 및 어업",3944580,164568,4.4,3544997,-399583,-10.1,3979024,434027,12.2,3995855,16831,0.4,4132510,136655,3.4,4425043,292533,7.1,4856484,431441,9.7,4801951,-54533,-1.1,4793025,-8926,-0.2,4693665,-99360,-2.1,4990208,296543,6.3,5024877,34669,0.7,5202343,177466,3.5,5481436,279093,5.4,4974613,-506823,-9.2,5092731,118118,2.4,5190049,97318,1.9,5535643,345594,6.7,5207524,-328119,-5.9,5617665,410141,7.9
"경상북도","광제조업",23927154,2547188,11.9,27275243,3348089,14.0,30731742,3456499,12.7,33853252,3121510,10.2,35075229,1221977,3.6,40281117,5205888,14.8,41223349,942232,2.3,40515221,-708128,-1.7,44584165,4068944,10.0,45809064,1224899,2.7,45394393,-414671,-0.9,47688576,2294183,5.1,52646990,4958414,10.4,47314385,-5332605,-10.1,48524056,1209671,2.6,46181302,-2342754,-4.8,44967327,-1213975,-2.6,44872463,-94864,-0.2,42586061,-2286402,-5.1,44901024,2314963,5.4
"경상북도","전기, 가스, 증기 및 공기 조절 공급업",2836264,88931,3.2,2720012,-116252,-4.1,3063108,343096,12.6,3488199,425091,13.9,3443859,-44340,-1.3,3318703,-125156,-3.6,3233100,-85603,-2.6,2911552,-321548,-9.9,2883877,-27675,-1.0,2603709,-280168,-9.7,2094838,-508871,-19.5,2121436,26598,1.3,2488242,366806,17.3,2856358,368116,14.8,2939710,83352,2.9,3250034,310324,10.6,3326614,76580,2.4,3655638,329024,9.9,3737286,81648,2.2,3616930,-120356,-3.2
"경상북도","건설업",5115425,146774,3.0,5596846,481421,9.4,5495805,-101041,-1.8,5107111,-388694,-7.1,5345349,238238,4.7,4941726,-403623,-7.6,5044418,102692,2.1,5097639,53221,1.1,5507400,409761,8.0,5179302,-328098,-6.0,5262622,83320,1.6,5442338,179716,3.4,5344682,-97656,-1.8,6003570,658888,12.3,6161338,157768,2.6,6083027,-78311,-1.3,5180091,-902936,-14.8,4883559,-296532,-5.7,4617768,-265791,-5.4,4397629,-220139,-4.8
"경상북도","서비스업",22770344,338955,1.5,24135046,1364702,6.0,24270615,135569,0.6,25382281,1111666,4.6,26544458,1162177,4.6,27180087,635629,2.4,28158388,978301,3.6,28823386,664998,2.4,29982773,1159387,4.0,31328168,1345395,4.5,32509641,1181473,3.8,33430734,921093,2.8,34680507,1249773,3.7,35902717,1222210,3.5,37398665,1495948,4.2,37924477,525812,1.4,38834203,909726,2.4,39801529,967326,2.5,39282391,-519138,-1.3,40777102,1494711,3.8
"경상남도","지역내총생산(시장가격)",66357305,4428673,7.2,68827444,2470139,3.7,71667409,2839965,4.1,76018607,4351198,6.1,80266127,4247520,5.6,85284496,5018369,6.3,89539592,4255096,5.0,92664822,3125230,3.5,98297235,5632413,6.1,101258402,2961167,3.0,103911994,2653592,2.6,104475348,563354,0.5,104843574,368226,0.4,106590936,1747362,1.7,107343355,752419,0.7,106561346,-782009,-0.7,107224316,662970,0.6,109370902,2146586,2.0,103425415,-5945487,-5.4,105384664,1959249,1.9
"경상남도","농업, 임업 및 어업",3019782,-206745,-6.4,2764090,-255692,-8.5,2985298,221208,8.0,3154382,169084,5.7,3294173,139791,4.4,3357619,63446,1.9,3640927,283308,8.4,3611291,-29636,-0.8,3490956,-120335,-3.3,3349145,-141811,-4.1,3220254,-128891,-3.8,3380943,160689,5.0,3611131,230188,6.8,3569027,-42104,-1.2,3424494,-144533,-4.0,3555810,131316,3.8,3848917,293107,8.2,4035270,186353,4.8,3697430,-337840,-8.4,3651030,-46400,-1.3
"경상남도","광제조업",23844811,2249512,10.4,24695141,850330,3.6,26710602,2015461,8.2,28556392,1845790,6.9,30885461,2329069,8.2,33015537,2130076,6.9,35414206,2398669,7.3,37983960,2569754,7.3,41903037,3919077,10.3,42488887,585850,1.4,43440580,951693,2.2,41983652,-1456928,-3.4,41292059,-691593,-1.6,40870463,-421596,-1.0,40832075,-38388,-0.1,39169578,-1662497,-4.1,39490070,320492,0.8,40153800,663730,1.7,36736388,-3417412,-8.5,37226020,489632,1.3
"경상남도","전기, 가스, 증기 및 공기 조절 공급업",3017824,551561,22.4,3287143,269319,8.9,2962088,-325055,-9.9,2996168,34080,1.2,2851895,-144273,-4.8,2988470,136575,4.8,3329284,340814,11.4,3932394,603110,18.1,3952112,19718,0.5,3920698,-31414,-0.8,3665492,-255206,-6.5,3156568,-508924,-13.9,2902433,-254135,-8.1,2986099,83666,2.9,3051389,65290,2.2,3247629,196240,6.4,3224179,-23450,-0.7,3404645,180466,5.6,2901739,-502906,-14.8,3322616,420877,14.5
"경상남도","건설업",4928609,376794,8.3,5558166,629557,12.8,5840357,282191,5.1,5469297,-371060,-6.4,5550169,80872,1.5,6203596,653427,11.8,5774659,-428937,-6.9,5391067,-383592,-6.6,4940811,-450256,-8.4,4650105,-290706,-5.9,4783475,133370,2.9,5339584,556109,11.6,5038166,-301418,-5.6,5708458,670292,13.3,5978586,270128,4.7,6310432,331846,5.6,5863635,-446797,-7.1,5075589,-788046,-13.4,4574795,-500794,-9.9,4211122,-363673,-7.9
"경상남도","서비스업",28232004,1440863,5.4,29370839,1138835,4.0,29899816,528977,1.8,30962305,1062489,3.6,32429197,1466892,4.7,34008764,1579567,4.9,35555664,1546900,4.5,36159030,603366,1.7,37291687,1132657,3.1,39523821,2232134,6.0,41471878,1948057,4.9,42980432,1508554,3.6,44030532,1050100,2.4,45379714,1349182,3.1,45993876,614162,1.4,46417015,423139,0.9,47282082,865067,1.9,48946938,1664856,3.5,47818634,-1128304,-2.3,49463302,1644668,3.4
"제주특별자치도","지역내총생산(시장가격)",9693184,492974,5.4,9960579,267395,2.8,10579746,619167,6.2,10530282,-49464,-0.5,10740812,210530,2.0,11335159,594347,5.5,11450325,115166,1.0,12158772,708447,6.2,12380394,221622,1.8,13231976,851582,6.9,14067649,835673,6.3,14763437,695788,4.9,15785920,1022483,6.9,16946709,1160789,7.4,18307842,1361133,8.0,19144657,836815,4.6,18968300,-176357,-0.9,19186190,217890,1.1,17957495,-1228695,-6.4,18173026,215531,1.2
"제주특별자치도","농업, 임업 및 어업",1539229,6612,0.4,1578327,39098,2.5,1370457,-207870,-13.2,1532074,161617,11.8,1387738,-144336,-9.4,1482013,94275,6.8,1572874,90861,6.1,1938374,365500,23.2,1827957,-110417,-5.7,1810635,-17322,-0.9,1838061,27426,1.5,1867349,29288,1.6,1780209,-87140,-4.7,1715518,-64691,-3.6,1814901,99383,5.8,1873293,58392,3.2,1638278,-235015,-12.5,1615727,-22551,-1.4,1667043,51316,3.2,1675235,8192,0.5
"제주특별자치도","광제조업",410813,33344,8.8,445384,34571,8.4,460376,14992,3.4,484459,24083,5.2,444654,-39805,-8.2,494697,50043,11.3,543624,48927,9.9,573081,29457,5.4,505739,-67342,-11.8,526490,20751,4.1,529487,2997,0.6,563862,34375,6.5,591447,27585,4.9,688843,97396,16.5,750364,61521,8.9,807655,57291,7.6,769268,-38387,-4.8,725781,-43487,-5.7,694016,-31765,-4.4,727598,33582,4.8
"제주특별자치도","전기, 가스, 증기 및 공기 조절 공급업",113666,-14250,-11.1,159219,45553,40.1,169571,10352,6.5,213302,43731,25.8,243263,29961,14.0,254315,11052,4.5,303442,49127,19.3,289355,-14087,-4.6,295222,5867,2.0,351894,56672,19.2,332603,-19291,-5.5,350411,17808,5.4,390190,39779,11.4,369349,-20841,-5.3,335850,-33499,-9.1,365495,29645,8.8,349266,-16229,-4.4,321341,-27925,-8.0,353260,31919,9.9,376385,23125,6.5
"제주특별자치도","건설업",876436,-6376,-0.7,993830,117394,13.4,1050292,56462,5.7,965737,-84555,-8.1,931724,-34013,-3.5,939972,8248,0.9,796578,-143394,-15.3,871378,74800,9.4,897760,26382,3.0,1017984,120224,13.4,1146510,128526,12.6,1223465,76955,6.7,1320244,96779,7.9,1530408,210164,15.9,1916635,386227,25.2,2145254,228619,11.9,1752148,-393106,-18.3,1560731,-191417,-10.9,1257515,-303216,-19.4,1028798,-228717,-18.2
"제주특별자치도","서비스업",5890262,415020,7.6,5998207,107945,1.8,6288318,290111,4.8,6502068,213750,3.4,6923315,421247,6.5,7368041,444726,6.4,7461475,93434,1.3,7752758,291283,3.9,8053655,300897,3.9,8635663,582008,7.2,9220634,584971,6.8,9724730,504096,5.5,10516447,791717,8.1,11254739,738292,7.0,11916742,662003,5.9,12322284,405542,3.4,12975082,652798,5.3,13485756,510674,3.9,12627736,-858020,-6.4,13066189,438453,3.5
